timestamp,daily returns
2016-01-04 05:00:00+00:00,
2016-01-05 05:00:00+00:00,0.0016953604431815261
2016-01-06 05:00:00+00:00,-0.0126142232816846
2016-01-07 05:00:00+00:00,-0.02399155014586052
2016-01-08 05:00:00+00:00,-0.010961092501932557
2016-01-11 05:00:00+00:00,0.0009743490879154937
2016-01-12 05:00:00+00:00,0.008072458487324852
2016-01-13 05:00:00+00:00,-0.024944645483236605
2016-01-14 05:00:00+00:00,0.01641688291055443
2016-01-15 05:00:00+00:00,-0.02146615953733133
2016-01-19 05:00:00+00:00,0.0013311325275544572
2016-01-20 05:00:00+00:00,-0.012815059023715825
2016-01-21 05:00:00+00:00,0.005601939132776623
2016-01-22 05:00:00+00:00,0.020515292731265733
2016-01-25 05:00:00+00:00,-0.015116523199664167
2016-01-26 05:00:00+00:00,0.013643146450650123
2016-01-27 05:00:00+00:00,-0.010883280757097769
2016-01-28 05:00:00+00:00,0.005209163876043199
2016-01-29 05:00:00+00:00,0.024381576860028398
2016-02-01 05:00:00+00:00,-0.00036547443537293667
2016-02-02 05:00:00+00:00,-0.01802220500903695
2016-02-03 05:00:00+00:00,0.00599495161968866
2016-02-04 05:00:00+00:00,0.001568217459487542
2016-02-05 05:00:00+00:00,-0.01905010438413368
2016-02-08 05:00:00+00:00,-0.013461026868848092
2016-02-09 05:00:00+00:00,5.393161471256569e-05
2016-02-10 05:00:00+00:00,-0.000862859300005403
2016-02-11 05:00:00+00:00,-0.013008042316619006
2016-02-12 05:00:00+00:00,0.020616865361478665
2016-02-16 05:00:00+00:00,0.016878315383378917
2016-02-17 05:00:00+00:00,0.016334703340710188
2016-02-18 05:00:00+00:00,-0.004095810866860172
2016-02-19 05:00:00+00:00,-0.000468530376386056
2016-02-22 05:00:00+00:00,0.014479166666666599
2016-02-23 05:00:00+00:00,-0.012629633432590603
2016-02-24 05:00:00+00:00,0.0045757071547420924
2016-02-25 05:00:00+00:00,0.012111801242236098
2016-02-26 05:00:00+00:00,-0.002305410657665874
2016-02-29 05:00:00+00:00,-0.00891489636535503
2016-03-01 05:00:00+00:00,0.024618567364882438
2016-03-02 05:00:00+00:00,0.00449245368734541
2016-03-03 05:00:00+00:00,0.003894472361809065
2016-03-04 05:00:00+00:00,0.003278688524590123
2016-03-07 05:00:00+00:00,0.0007982836900664037
2016-03-08 05:00:00+00:00,-0.010917792512089353
2016-03-09 05:00:00+00:00,0.0049395161290322065
2016-03-10 05:00:00+00:00,0.0008024877119068297
2016-03-11 05:00:00+00:00,0.016137115365340238
2016-03-14 04:00:00+00:00,-0.0012823042020121411
2016-03-15 04:00:00+00:00,-0.0016296296296296475
2016-03-16 04:00:00+00:00,0.005787208784686193
2016-03-17 04:00:00+00:00,0.00634405429330176
2016-03-18 04:00:00+00:00,-0.0012217172457605896
2016-03-21 04:00:00+00:00,0.0014189255308738602
2016-03-22 04:00:00+00:00,-0.0005374505301215526
2016-03-23 04:00:00+00:00,-0.0066034415330464835
2016-03-24 04:00:00+00:00,-0.00043895650393788177
2016-03-28 04:00:00+00:00,0.0005907837731391474
2016-03-29 04:00:00+00:00,0.009254083841763405
2016-03-30 04:00:00+00:00,0.004383758253672987
2016-03-31 04:00:00+00:00,-0.0024269488399184524
2016-04-01 04:00:00+00:00,0.006811989100817373
2016-04-04 04:00:00+00:00,-0.003237966363812017
2016-04-05 04:00:00+00:00,-0.009991757575757543
2016-04-06 04:00:00+00:00,0.01092516156584189
2016-04-07 04:00:00+00:00,-0.011965894777637875
2016-04-08 04:00:00+00:00,0.0026928168668791663
2016-04-11 04:00:00+00:00,-0.00234279645103741
2016-04-12 04:00:00+00:00,0.009312317756926758
2016-04-13 04:00:00+00:00,0.010104895104895206
2016-04-14 04:00:00+00:00,4.423059911307092e-05
2016-04-15 04:00:00+00:00,-0.0011057160713426883
2016-04-18 04:00:00+00:00,0.007022812590239624
2016-04-19 04:00:00+00:00,0.0031581080409406326
2016-04-20 04:00:00+00:00,0.000952834683182413
2016-04-21 04:00:00+00:00,-0.005378391242265579
2016-04-22 04:00:00+00:00,0.0
2016-04-25 04:00:00+00:00,-0.0017227353208594254
2016-04-26 04:00:00+00:00,0.0014821916494893728
2016-04-27 04:00:00+00:00,0.0020620412101903796
2016-04-28 04:00:00+00:00,-0.009087652256985934
2016-04-29 04:00:00+00:00,-0.005383048723170858
2016-05-02 04:00:00+00:00,0.007944524036159306
2016-05-03 04:00:00+00:00,-0.008707025051690187
2016-05-04 04:00:00+00:00,-0.0055743328456843155
2016-05-05 04:00:00+00:00,-0.00019511243353975694
2016-05-06 04:00:00+00:00,0.0036590720593256965
2016-05-09 04:00:00+00:00,0.0008224771534124375
2016-05-10 04:00:00+00:00,0.01243775778428402
2016-05-11 04:00:00+00:00,-0.009354761333653094
2016-05-12 04:00:00+00:00,0.00029055690072632423
2016-05-13 04:00:00+00:00,-0.008714175058094575
2016-05-16 04:00:00+00:00,0.009865208048446927
2016-05-17 04:00:00+00:00,-0.009329722410291175
2016-05-18 04:00:00+00:00,0.0002889908167309496
2016-05-19 04:00:00+00:00,-0.00346493582548435
2016-05-20 04:00:00+00:00,0.006317335945151825
2016-05-23 04:00:00+00:00,-0.0013625967200350253
2016-05-24 04:00:00+00:00,0.012962331270405913
2016-05-25 04:00:00+00:00,0.006783085582335202
2016-05-26 04:00:00+00:00,0.00028669724770646887
2016-05-27 04:00:00+00:00,0.004299226139294898
2016-05-31 04:00:00+00:00,-0.0019025875190259445
2016-06-01 04:00:00+00:00,0.002049180327868827
2016-06-02 04:00:00+00:00,0.00304370571170387
2016-06-03 04:00:00+00:00,-0.0029870560902754972
2016-06-06 04:00:00+00:00,0.005088453490583955
2016-06-07 04:00:00+00:00,0.0015613910574876488
2016-06-08 04:00:00+00:00,0.0032596371882085418
2016-06-09 04:00:00+00:00,-0.001365541272307702
2016-06-10 04:00:00+00:00,-0.009477555639381463
2016-06-13 04:00:00+00:00,-0.007715523396962909
2016-06-14 04:00:00+00:00,-0.001963068219978714
2016-06-15 04:00:00+00:00,-0.0013939626994807774
2016-06-16 04:00:00+00:00,0.0029843561973526
2016-06-17 04:00:00+00:00,-0.00887843739501848
2016-06-20 04:00:00+00:00,0.00644005423203553
2016-06-21 04:00:00+00:00,0.0028385855184027697
2016-06-22 04:00:00+00:00,-0.0016311648436000414
2016-06-23 04:00:00+00:00,0.01302258529553102
2016-06-24 04:00:00+00:00,-0.03589725345097483
2016-06-27 04:00:00+00:00,-0.017921940539011305
2016-06-28 04:00:00+00:00,0.018034569138276613
2016-06-29 04:00:00+00:00,0.017029060574400345
2016-06-30 04:00:00+00:00,0.013621407142165864
2016-07-01 04:00:00+00:00,0.0021281775868242647
2016-07-05 04:00:00+00:00,-0.007197000011432975
2016-07-06 04:00:00+00:00,0.005997792812244995
2016-07-07 04:00:00+00:00,-0.0006391300200323524
2016-07-08 04:00:00+00:00,0.014909844124356919
2016-07-11 04:00:00+00:00,0.0035269221725839905
2016-07-12 04:00:00+00:00,0.007263355201499344
2016-07-13 04:00:00+00:00,-0.00013956734124220826
2016-07-14 04:00:00+00:00,0.005583472920156485
2016-07-15 04:00:00+00:00,-0.0013418471219692751
2016-07-18 04:00:00+00:00,0.002683593569012599
2016-07-19 04:00:00+00:00,-0.001012895939728975
2016-07-20 04:00:00+00:00,0.004139876960081557
2016-07-21 04:00:00+00:00,-0.0037773222470461887
2016-07-22 04:00:00+00:00,0.004508357801771057
2016-07-25 04:00:00+00:00,-0.0027158902596207124
2016-07-26 04:00:00+00:00,0.00046157396722823485
2016-07-27 04:00:00+00:00,-0.0010611303344867373
2016-07-28 04:00:00+00:00,0.0011546277480141143
2016-07-29 04:00:00+00:00,0.0016146145684365898
2016-08-01 04:00:00+00:00,-0.000829034635224768
2016-08-02 04:00:00+00:00,-0.006410989213607388
2016-08-03 04:00:00+00:00,0.002926478038424607
2016-08-04 04:00:00+00:00,0.0010625404755295609
2016-08-05 04:00:00+00:00,0.00818031724086321
2016-08-08 04:00:00+00:00,-0.0005958382986525068
2016-08-09 04:00:00+00:00,0.0005961935335931923
2016-08-10 04:00:00+00:00,-0.0024750206251720197
2016-08-11 04:00:00+00:00,0.004640691049439427
2016-08-12 04:00:00+00:00,-0.0008689686713926337
2016-08-15 04:00:00+00:00,0.0028838231255150504
2016-08-16 04:00:00+00:00,-0.005157697749783141
2016-08-17 04:00:00+00:00,0.0018810790970820168
2016-08-18 04:00:00+00:00,0.0022438979713330642
2016-08-19 04:00:00+00:00,-0.00146212190441386
2016-08-22 04:00:00+00:00,-4.575821359931176e-05
2016-08-23 04:00:00+00:00,0.002013453530407716
2016-08-24 04:00:00+00:00,-0.005114855916335537
2016-08-25 04:00:00+00:00,-0.0006885471654808351
2016-08-26 04:00:00+00:00,-0.001883325677537906
2016-08-29 04:00:00+00:00,0.00492797643701981
2016-08-30 04:00:00+00:00,-0.0016523112206953128
2016-08-31 04:00:00+00:00,-0.0028440366972477538
2016-09-01 04:00:00+00:00,4.600239212426693e-05
2016-09-02 04:00:00+00:00,0.004508027048162333
2016-09-06 04:00:00+00:00,0.003026056692769119
2016-09-07 04:00:00+00:00,-9.49638133085351e-05
2016-09-08 04:00:00+00:00,-0.0022830007762202342
2016-09-09 04:00:00+00:00,-0.023934831357832587
2016-09-12 04:00:00+00:00,0.014347336834208635
2016-09-13 04:00:00+00:00,-0.014375520014791587
2016-09-14 04:00:00+00:00,-0.00046897716081228946
2016-09-15 04:00:00+00:00,0.010040820156711927
2016-09-16 04:00:00+00:00,-0.00887257862219537
2016-09-19 04:00:00+00:00,0.00018372703412072866
2016-09-20 04:00:00+00:00,0.0002380515015987239
2016-09-21 04:00:00+00:00,0.01091590536425402
2016-09-22 04:00:00+00:00,0.006488089721012225
2016-09-23 04:00:00+00:00,-0.005341191638272402
2016-09-26 04:00:00+00:00,-0.008425145819831559
2016-09-27 04:00:00+00:00,0.006349206349206327
2016-09-28 04:00:00+00:00,0.004917424383002356
2016-09-29 04:00:00+00:00,-0.008632628566152767
2016-09-30 04:00:00+00:00,0.0074505238649591465
2016-10-03 04:00:00+00:00,-0.0030043910330482815
2016-10-04 04:00:00+00:00,-0.004867872044506227
2016-10-05 04:00:00+00:00,0.0047053342650826835
2016-10-06 04:00:00+00:00,0.0007882778447556582
2016-10-07 04:00:00+00:00,-0.003706620951674955
2016-10-10 04:00:00+00:00,0.004886759986978628
2016-10-11 04:00:00+00:00,-0.012221354234156934
2016-10-12 04:00:00+00:00,0.0010775862068965747
2016-10-13 04:00:00+00:00,-0.0028080685168717645
2016-10-14 04:00:00+00:00,-4.693293283897226e-05
2016-10-17 04:00:00+00:00,-0.002956913545480111
2016-10-18 04:00:00+00:00,0.0058372169655884765
2016-10-19 04:00:00+00:00,0.002575466841391094
2016-10-20 04:00:00+00:00,-0.0014951897649289059
2016-10-21 04:00:00+00:00,-4.6750818139429384e-05
2016-10-24 04:00:00+00:00,0.004535041376408477
2016-10-25 04:00:00+00:00,-0.003118309596946922
2016-10-26 04:00:00+00:00,-0.0020542508987347885
2016-10-27 04:00:00+00:00,-0.002690058479532076
2016-10-28 04:00:00+00:00,-0.0031664125718307012
2016-10-31 04:00:00+00:00,0.0002823529411764003
2016-11-01 04:00:00+00:00,-0.007245013172751169
2016-11-02 04:00:00+00:00,-0.0062079423751303375
2016-11-03 04:00:00+00:00,-0.004148586142768584
2016-11-04 04:00:00+00:00,-0.0013407393219689867
2016-11-07 05:00:00+00:00,0.0188434982738781
2016-11-08 05:00:00+00:00,0.0072944609158076545
2016-11-09 05:00:00+00:00,0.010928798355447578
2016-11-10 05:00:00+00:00,0.002591746341607637
2016-11-11 05:00:00+00:00,-0.0022586890384438396
2016-11-14 05:00:00+00:00,0.0005544005544004804
2016-11-15 05:00:00+00:00,0.007757307106247335
2016-11-16 05:00:00+00:00,-0.001424054982817835
2016-11-17 05:00:00+00:00,0.004592106422341535
2016-11-18 05:00:00+00:00,-0.0021010322462775566
2016-11-21 05:00:00+00:00,0.007506407909190882
2016-11-22 05:00:00+00:00,0.00204433945120841
2016-11-23 05:00:00+00:00,0.000634719136782147
2016-11-25 05:00:00+00:00,0.0036699741742558523
2016-11-28 05:00:00+00:00,-0.004423979776092546
2016-11-29 05:00:00+00:00,0.0015416704452706487
2016-11-30 05:00:00+00:00,-0.0022183991307497264
2016-12-01 05:00:00+00:00,-0.003762421162484597
2016-12-02 05:00:00+00:00,0.000227727353881102
2016-12-05 05:00:00+00:00,0.0060525256499224245
2016-12-06 05:00:00+00:00,0.003258803295012269
2016-12-07 05:00:00+00:00,0.0130379861048453
2016-12-08 05:00:00+00:00,0.0025829436651079174
2016-12-09 05:00:00+00:00,0.006218629236441231
2016-12-12 05:00:00+00:00,-0.0013684721670419453
2016-12-13 05:00:00+00:00,0.006498099195473506
2016-12-14 05:00:00+00:00,-0.007773727436426792
2016-12-15 05:00:00+00:00,0.0037623937677053743
2016-12-16 05:00:00+00:00,-0.007584777527891662
2016-12-19 05:00:00+00:00,0.001999555654299101
2016-12-20 05:00:00+00:00,0.0039024390243902474
2016-12-21 05:00:00+00:00,-0.002604912094708034
2016-12-22 05:00:00+00:00,-0.0015514395436827533
2016-12-23 05:00:00+00:00,0.00115330021291693
2016-12-27 05:00:00+00:00,0.0024368630926008272
2016-12-28 05:00:00+00:00,-0.00804419889502761
2016-12-29 05:00:00+00:00,-0.00044557322996030546
2016-12-30 05:00:00+00:00,-0.003610752017117691
2017-01-03 05:00:00+00:00,0.007247673586256109
2017-01-04 05:00:00+00:00,0.006173936217464648
2017-01-05 05:00:00+00:00,-0.0008387410056063249
2017-01-06 05:00:00+00:00,0.004020500132543958
2017-01-09 05:00:00+00:00,-0.0032123212321231165
2017-01-10 05:00:00+00:00,-0.0001765848490200561
2017-01-11 05:00:00+00:00,0.0024320028258566495
2017-01-12 05:00:00+00:00,-0.002114250577454624
2017-01-13 05:00:00+00:00,0.0021593390974561366
2017-01-17 05:00:00+00:00,-0.0033474277660323626
2017-01-18 05:00:00+00:00,0.0020770726533498873
2017-01-19 05:00:00+00:00,-0.003263506063947097
2017-01-20 05:00:00+00:00,0.003229945577629456
2017-01-23 05:00:00+00:00,-0.002513892564170561
2017-01-24 05:00:00+00:00,0.006326214794181384
2017-01-25 05:00:00+00:00,0.008564117525070358
2017-01-26 05:00:00+00:00,-0.0009583968634284679
2017-01-27 05:00:00+00:00,-0.001482579688658281
2017-01-30 05:00:00+00:00,-0.006070134066989863
2017-01-31 05:00:00+00:00,-0.00039543057996482833
2017-02-01 05:00:00+00:00,0.0006153575667005029
2017-02-02 05:00:00+00:00,0.0005271249725455895
2017-02-03 05:00:00+00:00,0.006936822232954221
2017-02-06 05:00:00+00:00,-0.0016568563331152975
2017-02-07 05:00:00+00:00,-4.36738437349371e-05
2017-02-08 05:00:00+00:00,0.0012229210342418195
2017-02-09 05:00:00+00:00,0.005801779794102124
2017-02-10 05:00:00+00:00,0.003990111462896406
2017-02-13 05:00:00+00:00,0.005141906777830441
2017-02-14 05:00:00+00:00,0.004424096066577121
2017-02-15 05:00:00+00:00,0.0050502824658111845
2017-02-16 05:00:00+00:00,-0.0006385967899866785
2017-02-17 05:00:00+00:00,0.0012780097128737289
2017-02-21 05:00:00+00:00,0.005956432947583412
2017-02-22 05:00:00+00:00,-0.0006344104212485657
2017-02-23 05:00:00+00:00,0.0006348131533284729
2017-02-24 05:00:00+00:00,0.0013957029267468446
2017-02-27 05:00:00+00:00,0.0013515225746505433
2017-02-28 05:00:00+00:00,-0.0024885064743346286
2017-03-01 05:00:00+00:00,0.013703171247357426
2017-03-02 05:00:00+00:00,-0.006009823943191939
2017-03-03 05:00:00+00:00,0.0005455308434745287
2017-03-06 05:00:00+00:00,-0.002687581260747418
2017-03-07 05:00:00+00:00,-0.0033189059890019745
2017-03-08 05:00:00+00:00,-0.001729957805907123
2017-03-09 05:00:00+00:00,0.0010144131197431516
2017-03-10 05:00:00+00:00,0.003504623569648979
2017-03-13 04:00:00+00:00,0.0005890768324496864
2017-03-14 04:00:00+00:00,-0.003616484440706502
2017-03-15 04:00:00+00:00,0.008187726850679589
2017-03-16 04:00:00+00:00,-0.001632618888144588
2017-03-17 04:00:00+00:00,-0.005824982179546412
2017-03-20 04:00:00+00:00,-0.0015217156584877989
2017-03-21 04:00:00+00:00,-0.012587648897524839
2017-03-22 04:00:00+00:00,0.002096167008898142
2017-03-23 04:00:00+00:00,-0.001323372465314887
2017-03-24 04:00:00+00:00,-0.0002564760194921911
2017-03-27 04:00:00+00:00,-0.0013040875662733153
2017-03-28 04:00:00+00:00,0.007213956973134872
2017-03-29 04:00:00+00:00,0.0012751849018108885
2017-03-30 04:00:00+00:00,0.003010697911360216
2017-03-31 04:00:00+00:00,-0.0024937655860349794
2017-04-03 04:00:00+00:00,-0.0013153428377461474
2017-04-04 04:00:00+00:00,0.0006372944725325791
2017-04-05 04:00:00+00:00,-0.003226902173913082
2017-04-06 04:00:00+00:00,0.0025983983642869912
2017-04-07 04:00:00+00:00,-0.0008497259633768461
2017-04-10 04:00:00+00:00,0.0005102691669855997
2017-04-11 04:00:00+00:00,-0.0011050193378383533
2017-04-12 04:00:00+00:00,-0.0037833468067905995
2017-04-13 04:00:00+00:00,-0.006751493118670515
2017-04-17 04:00:00+00:00,0.00864293085655321
2017-04-18 04:00:00+00:00,-0.0030268150232338753
2017-04-19 04:00:00+00:00,-0.0015821431625758775
2017-04-20 04:00:00+00:00,0.007751937984496138
2017-04-21 04:00:00+00:00,-0.0030174245643859177
2017-04-24 04:00:00+00:00,0.010955283686431727
2017-04-25 04:00:00+00:00,0.005734525215044695
2017-04-26 04:00:00+00:00,-0.00033540164346812507
2017-04-27 04:00:00+00:00,0.0006714477436671196
2017-04-28 04:00:00+00:00,-0.0020121533897093924
2017-05-01 04:00:00+00:00,0.002141777255165511
2017-05-02 04:00:00+00:00,0.0005447764321333537
2017-05-03 04:00:00+00:00,-0.0010051934997485912
2017-05-04 04:00:00+00:00,0.0009223545195371496
2017-05-05 04:00:00+00:00,0.003937337689536635
2017-05-08 04:00:00+00:00,-4.172229639531899e-05
2017-05-09 04:00:00+00:00,-0.0009596528560102957
2017-05-10 04:00:00+00:00,0.0017540928833945646
2017-05-11 04:00:00+00:00,-0.0016709747352622317
2017-05-12 04:00:00+00:00,-0.0017088506100413348
2017-05-15 04:00:00+00:00,0.004934950847103048
2017-05-16 04:00:00+00:00,-0.0005815267637598875
2017-05-17 04:00:00+00:00,-0.017330167853721545
2017-05-18 04:00:00+00:00,0.00352139540167129
2017-05-19 04:00:00+00:00,0.0063777665146140805
2017-05-22 04:00:00+00:00,0.005246149326394445
2017-05-23 04:00:00+00:00,0.0021292585170340494
2017-05-24 04:00:00+00:00,0.0022080573261675784
2017-05-25 04:00:00+00:00,0.00490522115064862
2017-05-26 04:00:00+00:00,-4.136675767363318e-05
2017-05-30 04:00:00+00:00,-0.0008273693790592507
2017-05-31 04:00:00+00:00,-0.0004554299672918649
2017-06-01 04:00:00+00:00,0.007787258719244461
2017-06-02 04:00:00+00:00,0.0034525277435264456
2017-06-05 04:00:00+00:00,-0.0006963217825837198
2017-06-06 04:00:00+00:00,-0.002951182522441309
2017-06-07 04:00:00+00:00,0.0017233299075025688
2017-06-08 04:00:00+00:00,0.000249518609656052
2017-06-09 04:00:00+00:00,-0.000858326837073764
2017-06-12 04:00:00+00:00,-0.0007013774593381816
2017-06-13 04:00:00+00:00,0.004643517567289868
2017-06-14 04:00:00+00:00,-0.0008998691099476597
2017-06-15 04:00:00+00:00,-0.00200728731679356
2017-06-16 04:00:00+00:00,-0.004634292120800909
2017-06-19 04:00:00+00:00,0.008283877349159363
2017-06-20 04:00:00+00:00,-0.006502350296341719
2017-06-21 04:00:00+00:00,-0.000490415503712649
2017-06-22 04:00:00+00:00,-0.00045278669630355317
2017-06-23 04:00:00+00:00,0.001358975414899266
2017-06-26 04:00:00+00:00,0.0004112518506333984
2017-06-27 04:00:00+00:00,-0.0077694647702046815
2017-06-28 04:00:00+00:00,0.008700335584372443
2017-06-29 04:00:00+00:00,-0.008543146999630435
2017-06-30 04:00:00+00:00,0.0016570694726376622
2017-07-03 04:00:00+00:00,0.002191984780181233
2017-07-05 04:00:00+00:00,0.001733245295477026
2017-07-06 04:00:00+00:00,-0.00889840982120782
2017-07-07 04:00:00+00:00,0.006318064677030444
2017-07-10 04:00:00+00:00,0.0010326311441553049
2017-07-11 04:00:00+00:00,-0.000701464823602227
2017-07-12 04:00:00+00:00,0.007267321826740503
2017-07-13 04:00:00+00:00,0.0019676969746658113
2017-07-14 04:00:00+00:00,0.004459536862777114
2017-07-17 04:00:00+00:00,4.0731538430316405e-05
2017-07-18 04:00:00+00:00,0.0006097262952100557
2017-07-19 04:00:00+00:00,0.005252173955518247
2017-07-20 04:00:00+00:00,0.00032393909944916643
2017-07-21 04:00:00+00:00,-0.0008500647668392425
2017-07-24 04:00:00+00:00,-0.00016205485556863852
2017-07-25 04:00:00+00:00,0.002350176263219872
2017-07-26 04:00:00+00:00,0.00020212636940608597
2017-07-27 04:00:00+00:00,-0.0007711583542154843
2017-07-28 04:00:00+00:00,-0.0013720062193300908
2017-07-31 04:00:00+00:00,-0.0004050386811940143
2017-08-01 04:00:00+00:00,0.0020665343004173664
2017-08-02 04:00:00+00:00,0.0004852405984632213
2017-08-03 04:00:00+00:00,-0.0017783525988198656
2017-08-04 04:00:00+00:00,0.0016600534456230331
2017-08-07 04:00:00+00:00,0.0018189902582967932
2017-08-08 04:00:00+00:00,-0.0022998708844415017
2017-08-09 04:00:00+00:00,0.0
2017-08-10 04:00:00+00:00,-0.014195413920006561
2017-08-11 04:00:00+00:00,0.001436249358487629
2017-08-14 04:00:00+00:00,0.009790668141411496
2017-08-15 04:00:00+00:00,0.00012170385395537942
2017-08-16 04:00:00+00:00,0.0017442096296595988
2017-08-17 04:00:00+00:00,-0.015468091998704359
2017-08-18 04:00:00+00:00,-0.0017685284198403206
2017-08-21 04:00:00+00:00,0.0008652301100078308
2017-08-22 04:00:00+00:00,0.010126790712992051
2017-08-23 04:00:00+00:00,-0.0033022251202216024
2017-08-24 04:00:00+00:00,-0.0021454006771894907
2017-08-25 04:00:00+00:00,0.0019463623512057104
2017-08-28 04:00:00+00:00,0.00032717160150497193
2017-08-29 04:00:00+00:00,0.0010617334423548286
2017-08-30 04:00:00+00:00,0.004697792245926813
2017-08-31 04:00:00+00:00,0.005203040526807756
2017-09-01 04:00:00+00:00,0.0024667394556998623
2017-09-05 04:00:00+00:00,-0.007139975796692233
2017-09-06 04:00:00+00:00,0.0030877991305406916
2017-09-07 04:00:00+00:00,-5.9540686135450827e-05
2017-09-08 04:00:00+00:00,-0.0013581755647487093
2017-09-11 04:00:00+00:00,0.010545956031475567
2017-09-12 04:00:00+00:00,0.003813117122902776
2017-09-13 04:00:00+00:00,0.0003198848414569522
2017-09-14 04:00:00+00:00,-0.0003597553663508002
2017-09-15 04:00:00+00:00,-0.003398912348048677
2017-09-18 04:00:00+00:00,0.0019259318701601025
2017-09-19 04:00:00+00:00,0.0010011613471627712
2017-09-20 04:00:00+00:00,0.0004400704112657028
2017-09-21 04:00:00+00:00,-0.002679249810053186
2017-09-22 04:00:00+00:00,0.000200481154771337
2017-09-25 04:00:00+00:00,-0.0019242333132891698
2017-09-26 04:00:00+00:00,0.0004016548178495949
2017-09-27 04:00:00+00:00,0.0038944874934756513
2017-09-28 04:00:00+00:00,0.0011598144296913748
2017-09-29 04:00:00+00:00,0.003315623377142085
2017-10-02 04:00:00+00:00,0.004459308807134965
2017-10-03 04:00:00+00:00,0.0022593943237672054
2017-10-04 04:00:00+00:00,0.0012260233339924653
2017-10-05 04:00:00+00:00,0.005925106651919698
2017-10-06 04:00:00+00:00,-0.0009031650043194173
2017-10-09 04:00:00+00:00,-0.0018111071807570545
2017-10-10 04:00:00+00:00,0.0023656411879866557
2017-10-11 04:00:00+00:00,0.0016105589818125043
2017-10-12 04:00:00+00:00,-0.001451094203466896
2017-10-13 04:00:00+00:00,0.001060445387062403
2017-10-16 04:00:00+00:00,0.001647834274953075
2017-10-17 04:00:00+00:00,0.0005092048570309871
2017-10-18 04:00:00+00:00,0.001017891398817694
2017-10-19 04:00:00+00:00,0.0005052993859750998
2017-10-20 04:00:00+00:00,0.004889390632133894
2017-10-23 04:00:00+00:00,-0.003539891858248656
2017-10-24 04:00:00+00:00,0.0015224859462834583
2017-10-25 04:00:00+00:00,-0.004794387059052885
2017-10-26 04:00:00+00:00,0.000626664577784819
2017-10-27 04:00:00+00:00,0.00864842649131048
2017-10-30 04:00:00+00:00,-0.003451828654252531
2017-10-31 04:00:00+00:00,0.0012461059190029822
2017-11-01 04:00:00+00:00,0.0014779091474796946
2017-11-02 04:00:00+00:00,0.00046601941747570486
2017-11-03 04:00:00+00:00,0.003221799549724347
2017-11-06 05:00:00+00:00,0.0013929193267556705
2017-11-07 05:00:00+00:00,-0.00042502221707052534
2017-11-08 05:00:00+00:00,0.0015848473134907337
2017-11-09 05:00:00+00:00,-0.0035475280768785256
2017-11-10 05:00:00+00:00,-0.0003516779064165476
2017-11-13 05:00:00+00:00,0.0009298721425801126
2017-11-14 05:00:00+00:00,-0.002283812030657195
2017-11-15 05:00:00+00:00,-0.0051600387972841055
2017-11-16 05:00:00+00:00,0.008267685827938465
2017-11-17 05:00:00+00:00,-0.0025914752069312597
2017-11-20 05:00:00+00:00,0.0015899484236241435
2017-11-21 05:00:00+00:00,0.006388415672913261
2017-11-22 05:00:00+00:00,-0.000538606547916709
2017-11-24 05:00:00+00:00,0.0022325724623732945
2017-11-27 05:00:00+00:00,-0.0005376963551867453
2017-11-28 05:00:00+00:00,0.009991161664681059
2017-11-29 05:00:00+00:00,-0.0003804740706919718
2017-11-30 05:00:00+00:00,0.008145244167015564
2017-12-01 05:00:00+00:00,-0.0015479291728018874
2017-12-04 05:00:00+00:00,-0.0013234515616726839
2017-12-05 05:00:00+00:00,-0.0034455340577790317
2017-12-06 05:00:00+00:00,0.0001139817629181028
2017-12-07 05:00:00+00:00,0.0030771568590206577
2017-12-08 05:00:00+00:00,0.005453719133464707
2017-12-11 05:00:00+00:00,0.0032394153985233487
2017-12-12 05:00:00+00:00,0.0017271157167531026
2017-12-13 05:00:00+00:00,-0.0002248875562218533
2017-12-14 05:00:00+00:00,-0.003936417485191579
2017-12-15 05:00:00+00:00,0.003161579284127969
2017-12-18 05:00:00+00:00,0.006378268862792247
2017-12-19 05:00:00+00:00,-0.0036535808820788995
2017-12-20 05:00:00+00:00,-0.0005612722170251772
2017-12-21 05:00:00+00:00,0.0016473230999625166
2017-12-22 05:00:00+00:00,-0.00018688794199006598
2017-12-26 05:00:00+00:00,-0.001271075554226453
2017-12-27 05:00:00+00:00,0.0007486430844096947
2017-12-28 05:00:00+00:00,0.0019076117449037255
2017-12-29 05:00:00+00:00,-0.0034346300306130617
2018-01-02 05:00:00+00:00,0.006855473140031432
2018-01-03 05:00:00+00:00,0.006325110689437308
2018-01-04 05:00:00+00:00,0.004066994491070952
2018-01-05 05:00:00+00:00,0.0067385941009683314
2018-01-08 05:00:00+00:00,0.0018653986832481984
2018-01-09 05:00:00+00:00,0.0022635172136831194
2018-01-10 05:00:00+00:00,-0.0016391651185662104
2018-01-11 05:00:00+00:00,0.00733362521891423
2018-01-12 05:00:00+00:00,0.006700713535441327
2018-01-16 05:00:00+00:00,-0.003166150967834791
2018-01-17 05:00:00+00:00,0.00920378257417176
2018-01-18 05:00:00+00:00,-0.001537856299846263
2018-01-19 05:00:00+00:00,0.004334121355397791
2018-01-22 05:00:00+00:00,0.008131531081707832
2018-01-23 05:00:00+00:00,0.0020164856546502907
2018-01-24 05:00:00+00:00,-0.0004236689733089216
2018-01-25 05:00:00+00:00,0.0006357728171799693
2018-01-26 05:00:00+00:00,0.011507236145428923
2018-01-29 05:00:00+00:00,-0.006700167504187671
2018-01-30 05:00:00+00:00,-0.010574761101742491
2018-01-31 05:00:00+00:00,0.0009942122643185058
2018-02-01 05:00:00+00:00,-0.0008158632187578174
2018-02-02 05:00:00+00:00,-0.021904288554387974
2018-02-05 05:00:00+00:00,-0.0413778084280062
2018-02-06 05:00:00+00:00,0.018742190753852528
2018-02-07 05:00:00+00:00,-0.0051661339478182855
2018-02-08 05:00:00+00:00,-0.03698584077408762
2018-02-09 05:00:00+00:00,0.01540132676416972
2018-02-12 05:00:00+00:00,0.01367769542293873
2018-02-13 05:00:00+00:00,0.002751394542439334
2018-02-14 05:00:00+00:00,0.013606464950197239
2018-02-15 05:00:00+00:00,0.012088849334371599
2018-02-16 05:00:00+00:00,0.0008427069211887073
2018-02-20 05:00:00+00:00,-0.0062966759408406014
2018-02-21 05:00:00+00:00,-0.005415561450044071
2018-02-22 05:00:00+00:00,0.0010741934288993615
2018-02-23 05:00:00+00:00,0.016243617257455822
2018-02-26 05:00:00+00:00,0.01186965228472614
2018-02-27 05:00:00+00:00,-0.012701953869957983
2018-02-28 05:00:00+00:00,-0.01082440411108676
2018-03-01 05:00:00+00:00,-0.013595667071957585
2018-03-02 05:00:00+00:00,0.005154639175257714
2018-03-05 05:00:00+00:00,0.011222593831289318
2018-03-06 05:00:00+00:00,0.0026091430251358183
2018-03-07 05:00:00+00:00,0.0
2018-03-08 05:00:00+00:00,0.004398343290693774
2018-03-09 05:00:00+00:00,0.017260883844834485
2018-03-12 04:00:00+00:00,-0.0007892093557180235
2018-03-13 04:00:00+00:00,-0.00653407051051913
2018-03-14 04:00:00+00:00,-0.005312228967909949
2018-03-15 04:00:00+00:00,-0.000799273387829369
2018-03-16 04:00:00+00:00,-0.0029451332581897915
2018-03-19 04:00:00+00:00,-0.013164612355043404
2018-03-20 04:00:00+00:00,0.0011825135804293119
2018-03-21 04:00:00+00:00,-0.0019562248551286965
2018-03-22 04:00:00+00:00,-0.02474112426035502
2018-03-23 04:00:00+00:00,-0.021595692237685316
2018-03-26 04:00:00+00:00,0.0276146735654903
2018-03-27 04:00:00+00:00,-0.016519574564381023
2018-03-28 04:00:00+00:00,-0.0034897990489337616
2018-03-29 04:00:00+00:00,0.013777179141812423
2018-04-02 04:00:00+00:00,-0.022434802414303734
2018-04-03 04:00:00+00:00,0.01246505125815478
2018-04-04 04:00:00+00:00,0.011697925056571856
2018-04-05 04:00:00+00:00,0.00686177875502314
2018-04-06 04:00:00+00:00,-0.022177039798185083
2018-04-09 04:00:00+00:00,0.0043511744320370305
2018-04-10 04:00:00+00:00,0.016332477092358966
2018-04-11 04:00:00+00:00,-0.005205779169338731
2018-04-12 04:00:00+00:00,0.008305714610746806
2018-04-13 04:00:00+00:00,-0.0029721666353892395
2018-04-16 04:00:00+00:00,0.008524763305797656
2018-04-17 04:00:00+00:00,0.010322773684407371
2018-04-18 04:00:00+00:00,0.0008884611113169072
2018-04-19 04:00:00+00:00,-0.0055479528054147575
2018-04-20 04:00:00+00:00,-0.008219585673373664
2018-04-23 04:00:00+00:00,-0.00033750843771107597
2018-04-24 04:00:00+00:00,-0.013242300333870971
2018-04-25 04:00:00+00:00,0.0022430048661798985
2018-04-26 04:00:00+00:00,0.009900238971285669
2018-04-27 04:00:00+00:00,0.0012770432692306155
2018-04-30 04:00:00+00:00,-0.007689999249756219
2018-05-01 04:00:00+00:00,0.0016255245151779452
2018-05-02 04:00:00+00:00,-0.0067557367149757575
2018-05-03 04:00:00+00:00,-0.0022038986206636135
2018-05-04 04:00:00+00:00,0.012681366388666904
2018-05-07 04:00:00+00:00,0.0037605294825511226
2018-05-08 04:00:00+00:00,-0.0001123932264349703
2018-05-09 04:00:00+00:00,0.00966690396792691
2018-05-10 04:00:00+00:00,0.009388800237503103
2018-05-11 04:00:00+00:00,0.0023529411764704466
2018-05-14 04:00:00+00:00,0.0011370305164319916
2018-05-15 04:00:00+00:00,-0.007034255358124297
2018-05-16 04:00:00+00:00,0.004132383868944434
2018-05-17 04:00:00+00:00,-0.0005144221936431714
2018-05-18 04:00:00+00:00,-0.0024631447373258952
2018-05-21 04:00:00+00:00,0.007444534532321301
2018-05-22 04:00:00+00:00,-0.0028533801580334917
2018-05-23 04:00:00+00:00,0.002898231711791155
2018-05-24 04:00:00+00:00,-0.0019387643121046017
2018-05-25 04:00:00+00:00,-0.0023090455944876354
2018-05-29 04:00:00+00:00,-0.011351530068696825
2018-05-30 04:00:00+00:00,0.012893876337693122
2018-05-31 04:00:00+00:00,-0.006529953409882827
2018-06-01 04:00:00+00:00,0.010339352313430084
2018-06-04 04:00:00+00:00,0.004678191586564795
2018-06-05 04:00:00+00:00,0.0010913456291608004
2018-06-06 04:00:00+00:00,0.008139830662451386
2018-06-07 04:00:00+00:00,-0.00021627077100527803
2018-06-08 04:00:00+00:00,0.0030644986840682176
2018-06-11 04:00:00+00:00,0.0012939400474443197
2018-06-12 04:00:00+00:00,0.0013999569244025345
2018-06-13 04:00:00+00:00,-0.0034412302398109107
2018-06-14 04:00:00+00:00,0.002409985252329161
2018-06-15 04:00:00+00:00,-0.005920769341180021
2018-06-18 04:00:00+00:00,-0.0015882756380175556
2018-06-19 04:00:00+00:00,-0.004013160273328653
2018-06-20 04:00:00+00:00,0.0019239146217511216
2018-06-21 04:00:00+00:00,-0.006412811130031448
2018-06-22 04:00:00+00:00,0.0018961493582263511
2018-06-25 04:00:00+00:00,-0.013429902460329046
2018-06-26 04:00:00+00:00,0.001881432840225683
2018-06-27 04:00:00+00:00,-0.006554238161867509
2018-06-28 04:00:00+00:00,0.00411415863602671
2018-06-29 04:00:00+00:00,0.001587242995828797
2018-07-02 04:00:00+00:00,0.0018427065674062604
2018-07-03 04:00:00+00:00,-0.0035314891112417923
2018-07-05 04:00:00+00:00,0.00790017720023628
2018-07-06 04:00:00+00:00,0.008570800673943335
2018-07-09 04:00:00+00:00,0.009224288204532138
2018-07-10 04:00:00+00:00,0.003274559193954696
2018-07-11 04:00:00+00:00,-0.006814676661525687
2018-07-12 04:00:00+00:00,0.008594850312375835
2018-07-13 04:00:00+00:00,0.000966737083318403
2018-07-16 04:00:00+00:00,-0.0006080984404064349
2018-07-17 04:00:00+00:00,0.0037223952181539843
2018-07-18 04:00:00+00:00,0.0022465499411616907
2018-07-19 04:00:00+00:00,-0.00391375507009184
2018-07-20 04:00:00+00:00,-0.0008572653236175176
2018-07-23 04:00:00+00:00,0.0018590018590018964
2018-07-24 04:00:00+00:00,0.0046745646588637335
2018-07-25 04:00:00+00:00,0.009199076540578943
2018-07-26 04:00:00+00:00,-0.002956289153234204
2018-07-27 04:00:00+00:00,-0.006494881750794268
2018-07-30 04:00:00+00:00,-0.005542528245576661
2018-07-31 04:00:00+00:00,0.004608788853161849
2018-08-01 04:00:00+00:00,-0.001066894270777774
2018-08-02 04:00:00+00:00,0.005233365374345933
2018-08-03 04:00:00+00:00,0.004462388440289011
2018-08-06 04:00:00+00:00,0.003666878217333025
2018-08-07 04:00:00+00:00,0.003231925806224778
2018-08-08 04:00:00+00:00,-0.0004902304082918807
2018-08-09 04:00:00+00:00,-0.0012261771300449142
2018-08-10 04:00:00+00:00,-0.006769791995509977
2018-08-13 04:00:00+00:00,-0.0038140980364459454
2018-08-14 04:00:00+00:00,0.0061684628474192316
2018-08-15 04:00:00+00:00,-0.007293354943273878
2018-08-16 04:00:00+00:00,0.008269742679680503
2018-08-17 04:00:00+00:00,0.003308927062799283
2018-08-20 04:00:00+00:00,0.0023156269735458146
2018-08-21 04:00:00+00:00,0.0020652478297393806
2018-08-22 04:00:00+00:00,-0.00020959234289308348
2018-08-23 04:00:00+00:00,-0.0014674539673664722
2018-08-24 04:00:00+00:00,0.006053395850099674
2018-08-27 04:00:00+00:00,0.007686421814134814
2018-08-28 04:00:00+00:00,0.00037793808028152576
2018-08-29 04:00:00+00:00,0.005556523524226309
2018-08-30 04:00:00+00:00,-0.0038771658946645804
2018-08-31 04:00:00+00:00,-0.00017222375310010918
2018-09-04 04:00:00+00:00,-0.001481379405381178
2018-09-05 04:00:00+00:00,-0.0026566381451834653
2018-09-06 04:00:00+00:00,-0.0031480264295844496
2018-09-07 04:00:00+00:00,-0.0021862853970018303
2018-09-10 04:00:00+00:00,0.0019476228567454346
2018-09-11 04:00:00+00:00,0.0036099829914264525
2018-09-12 04:00:00+00:00,0.00017293259087614032
2018-09-13 04:00:00+00:00,0.005602047167853952
2018-09-14 04:00:00+00:00,0.0004126547455296503
2018-09-17 04:00:00+00:00,-0.0052248040698474885
2018-09-18 04:00:00+00:00,0.005252246026261398
2018-09-19 04:00:00+00:00,0.0011343324625325835
2018-09-20 04:00:00+00:00,0.007828326180257417
2018-09-21 04:00:00+00:00,-0.005076142131979489
2018-09-24 04:00:00+00:00,-0.003287220928640089
2018-09-25 04:00:00+00:00,-0.0013054830287205776
2018-09-26 04:00:00+00:00,-0.003078775369796949
2018-09-27 04:00:00+00:00,0.0030192715791652613
2018-09-28 04:00:00+00:00,-0.00037842300811896656
2018-10-01 04:00:00+00:00,0.0038889080083972516
2018-10-02 04:00:00+00:00,-0.0003085361672950926
2018-10-03 04:00:00+00:00,0.0005143856520695156
2018-10-04 04:00:00+00:00,-0.007643268439813555
2018-10-05 04:00:00+00:00,-0.0059406624529408925
2018-10-08 04:00:00+00:00,-3.474514436607734e-05
2018-10-09 04:00:00+00:00,-0.0011118832522585276
2018-10-10 04:00:00+00:00,-0.032037011270349414
2018-10-11 04:00:00+00:00,-0.020591511841017596
2018-10-12 04:00:00+00:00,0.012732076025537387
2018-10-15 04:00:00+00:00,-0.0055070468461286826
2018-10-16 04:00:00+00:00,0.020947939815658234
2018-10-17 04:00:00+00:00,0.0006423065943477191
2018-10-18 04:00:00+00:00,-0.014371300192568381
2018-10-19 04:00:00+00:00,-0.0007608813632908884
2018-10-22 04:00:00+00:00,-0.0041628693202290235
2018-10-23 04:00:00+00:00,-0.005490310147983846
2018-10-24 04:00:00+00:00,-0.030381690552793272
2018-10-25 04:00:00+00:00,0.01809886505033753
2018-10-26 04:00:00+00:00,-0.017740083700603537
2018-10-29 04:00:00+00:00,-0.005768795716763586
2018-10-30 04:00:00+00:00,0.015889870681482066
2018-10-31 04:00:00+00:00,0.010489771539495374
2018-11-01 04:00:00+00:00,0.009900624330414942
2018-11-02 04:00:00+00:00,-0.005743132018875441
2018-11-05 05:00:00+00:00,0.00614422369389267
2018-11-06 05:00:00+00:00,0.0059970014992503096
2018-11-07 05:00:00+00:00,0.021409617970993278
2018-11-08 05:00:00+00:00,-0.001850533807829069
2018-11-09 05:00:00+00:00,-0.009483742156303543
2018-11-12 05:00:00+00:00,-0.019222878122525433
2018-11-13 05:00:00+00:00,-0.0016129653790466492
2018-11-14 05:00:00+00:00,-0.006947507719453183
2018-11-15 05:00:00+00:00,0.010586711086433498
2018-11-16 05:00:00+00:00,0.0026372660342113274
2018-11-19 05:00:00+00:00,-0.016841413071274625
2018-11-20 05:00:00+00:00,-0.01846759809750309
2018-11-21 05:00:00+00:00,0.0033314404694302358
2018-11-23 05:00:00+00:00,-0.006452099762290997
2018-11-26 05:00:00+00:00,0.015608385234695543
2018-11-27 05:00:00+00:00,0.003215794787420956
2018-11-28 05:00:00+00:00,0.022624771702262514
2018-11-29 05:00:00+00:00,-0.001494386936871317
2018-11-30 05:00:00+00:00,0.006333272494980946
2018-12-03 05:00:00+00:00,0.01296769864156544
2018-12-04 05:00:00+00:00,-0.031762515218792586
2018-12-06 05:00:00+00:00,-0.0022929842079958407
2018-12-07 05:00:00+00:00,-0.022648923156763034
2018-12-10 05:00:00+00:00,0.0015550329970415167
2018-12-11 05:00:00+00:00,0.0001514749876927457
2018-12-12 05:00:00+00:00,0.005376547650600028
2018-12-13 05:00:00+00:00,-0.0005649079200089613
2018-12-14 05:00:00+00:00,-0.018124952897731528
2018-12-17 05:00:00+00:00,-0.020723797827838952
2018-12-18 05:00:00+00:00,-0.0002351373594073891
2018-12-19 05:00:00+00:00,-0.015953902238250217
2018-12-20 05:00:00+00:00,-0.01565487571701707
2018-12-21 05:00:00+00:00,-0.02630407510825139
2018-12-24 05:00:00+00:00,-0.02593408420265164
2018-12-26 05:00:00+00:00,0.04923625037334123
2018-12-27 05:00:00+00:00,0.00935506761633853
2018-12-28 05:00:00+00:00,-0.0019338463397929884
2018-12-31 05:00:00+00:00,0.009486134097606458
2019-01-02 05:00:00+00:00,0.0005998080614202372
2019-01-03 05:00:00+00:00,-0.024297646165527653
2019-01-04 05:00:00+00:00,0.033749744009829996
2019-01-07 05:00:00+00:00,0.007528032013946584
2019-01-08 05:00:00+00:00,0.009162766919658782
2019-01-09 05:00:00+00:00,0.005065856129685908
2019-01-10 05:00:00+00:00,0.004109801488833664
2019-01-11 05:00:00+00:00,-0.0006564213452776579
2019-01-14 05:00:00+00:00,-0.005641203972025721
2019-01-15 05:00:00+00:00,0.011190985039829071
2019-01-16 05:00:00+00:00,0.0028052107750833333
2019-01-17 05:00:00+00:00,0.007817290006131294
2019-01-18 05:00:00+00:00,0.013003802281368992
2019-01-22 05:00:00+00:00,-0.013062082426244292
2019-01-23 05:00:00+00:00,0.0015592910930251058
2019-01-24 05:00:00+00:00,0.0009493070058856912
2019-01-25 05:00:00+00:00,0.008270106221547557
2019-01-28 05:00:00+00:00,-0.007525020693806894
2019-01-29 05:00:00+00:00,-0.0009856698764121319
2019-01-30 05:00:00+00:00,0.014875531268973896
2019-01-31 05:00:00+00:00,0.008861800777744566
2019-02-01 05:00:00+00:00,0.0010007041992512455
2019-02-04 05:00:00+00:00,0.007146030805687209
2019-02-05 05:00:00+00:00,0.004227785743171397
2019-02-06 05:00:00+00:00,-0.0012080831746963394
2019-02-07 05:00:00+00:00,-0.00974966096103791
2019-02-08 05:00:00+00:00,0.0013695080875004706
2019-02-11 05:00:00+00:00,0.000554446662230923
2019-02-12 05:00:00+00:00,0.012449665669215682
2019-02-13 05:00:00+00:00,0.0032474640589650328
2019-02-14 05:00:00+00:00,-0.0017821422076741422
2019-02-15 05:00:00+00:00,0.010639073088974715
2019-02-19 05:00:00+00:00,0.0018025812964164167
2019-02-20 05:00:00+00:00,0.0019792716280409017
2019-02-21 05:00:00+00:00,-0.0034838199906620515
2019-02-22 05:00:00+00:00,0.006127009298637853
2019-02-25 05:00:00+00:00,0.0015403352915888124
2019-02-26 05:00:00+00:00,-0.0008941664580278674
2019-02-27 05:00:00+00:00,-0.0005727786926325029
2019-02-28 05:00:00+00:00,-0.0018984167920339523
2019-03-01 05:00:00+00:00,0.006316167234882597
2019-03-04 05:00:00+00:00,-0.003673192824792393
2019-03-05 05:00:00+00:00,-0.0011453933710358077
2019-03-06 05:00:00+00:00,-0.006163549057550455
2019-03-07 05:00:00+00:00,-0.007968558448114171
2019-03-08 05:00:00+00:00,-0.002326173081815819
2019-03-11 04:00:00+00:00,0.014536048672082913
2019-03-12 04:00:00+00:00,0.0034472852628555373
2019-03-13 04:00:00+00:00,0.006763527054108209
2019-03-14 04:00:00+00:00,-0.00046209078306613804
2019-03-15 04:00:00+00:00,0.0004978662873398321
2019-03-18 04:00:00+00:00,0.0038387715930903177
2019-03-19 04:00:00+00:00,0.00031867431485022024
2019-03-20 04:00:00+00:00,-0.003575094686913749
2019-03-21 04:00:00+00:00,0.01094138543516876
2019-03-22 04:00:00+00:00,-0.018413100007027894
2019-03-25 04:00:00+00:00,-0.0012171547218442491
2019-03-26 04:00:00+00:00,0.007311827956989259
2019-03-27 04:00:00+00:00,-0.0053017364076288764
2019-03-28 04:00:00+00:00,0.0041495260239670095
2019-03-29 04:00:00+00:00,0.006198567917067521
2019-04-01 04:00:00+00:00,0.011648079306072034
2019-04-02 04:00:00+00:00,0.0008749212570868803
2019-04-03 04:00:00+00:00,0.0016084478478268771
2019-04-04 04:00:00+00:00,0.002548437772735168
2019-04-05 04:00:00+00:00,0.004666063096315787
2019-04-08 04:00:00+00:00,0.0009704699847499221
2019-04-09 04:00:00+00:00,-0.005090027700831112
2019-04-10 04:00:00+00:00,0.003341106045313902
2019-04-11 04:00:00+00:00,-0.00020812376426515566
2019-04-12 04:00:00+00:00,0.006591957811469928
2019-04-15 04:00:00+00:00,-0.0005170096163787941
2019-04-16 04:00:00+00:00,0.0006569418580590902
2019-04-17 04:00:00+00:00,-0.0024140979182928346
2019-04-18 04:00:00+00:00,0.001796386499464564
2019-04-22 04:00:00+00:00,0.0010690023793924475
2019-04-23 04:00:00+00:00,0.008921805029279861
2019-04-24 04:00:00+00:00,-0.002321690737136839
2019-04-25 04:00:00+00:00,-0.0002737757092501347
2019-04-26 04:00:00+00:00,0.004381610926642354
2019-04-29 04:00:00+00:00,0.0012610340479191073
2019-04-30 04:00:00+00:00,0.0003063516917423126
2019-05-01 04:00:00+00:00,-0.006975873685643341
2019-05-02 04:00:00+00:00,-0.002364471249400313
2019-05-03 04:00:00+00:00,0.009789441143132072
2019-05-06 04:00:00+00:00,-0.003911830736784916
2019-05-07 04:00:00+00:00,-0.01632346412594332
2019-05-08 04:00:00+00:00,-0.0011109182433605147
2019-05-09 04:00:00+00:00,-0.003684009314287695
2019-05-10 04:00:00+00:00,0.004744130882198938
2019-05-13 04:00:00+00:00,-0.024440162483074568
2019-05-14 04:00:00+00:00,0.008503846215441424
2019-05-15 04:00:00+00:00,0.006246030065636177
2019-05-16 04:00:00+00:00,0.008872523233385943
2019-05-17 04:00:00+00:00,-0.006048387096774244
2019-05-20 04:00:00+00:00,-0.006924529621598952
2019-05-21 04:00:00+00:00,0.008874489364699478
2019-05-22 04:00:00+00:00,-0.003001954761239878
2019-05-23 04:00:00+00:00,-0.012008962957776093
2019-05-24 04:00:00+00:00,0.002693220879549152
2019-05-28 04:00:00+00:00,-0.009330270365788929
2019-05-29 04:00:00+00:00,-0.007313331668509893
2019-05-30 04:00:00+00:00,0.002587508085962975
2019-05-31 04:00:00+00:00,-0.01293999569861648
2019-06-03 04:00:00+00:00,-0.002759923012673804
2019-06-04 04:00:00+00:00,0.02141218455263827
2019-06-05 04:00:00+00:00,0.008485150985774847
2019-06-06 04:00:00+00:00,0.006752218333510029
2019-06-07 04:00:00+00:00,0.009832151134208988
2019-06-10 04:00:00+00:00,0.004696084567772374
2019-06-11 04:00:00+00:00,-7.095131874268468e-05
2019-06-12 04:00:00+00:00,-0.0021113841680800993
2019-06-13 04:00:00+00:00,0.004439819632327424
2019-06-14 04:00:00+00:00,-0.0012086470060085341
2019-06-17 04:00:00+00:00,0.0008297894409294848
2019-06-18 04:00:00+00:00,0.009845579852834296
2019-06-19 04:00:00+00:00,0.002360426929392423
2019-06-20 04:00:00+00:00,0.009794887546500153
2019-06-21 04:00:00+00:00,-0.006353927267811255
2019-06-24 04:00:00+00:00,-0.0011564625850338794
2019-06-25 04:00:00+00:00,-0.009807260096710624
2019-06-26 04:00:00+00:00,-0.0009285370383106395
2019-06-27 04:00:00+00:00,0.003476644521703154
2019-06-28 04:00:00+00:00,0.005419868276619333
2019-07-01 04:00:00+00:00,0.008461276015011787
2019-07-02 04:00:00+00:00,0.002909533797956554
2019-07-03 04:00:00+00:00,0.007961138847659033
2019-07-05 04:00:00+00:00,-0.0017737617135208383
2019-07-08 04:00:00+00:00,-0.004727260535756117
2019-07-09 04:00:00+00:00,0.0012463787644008129
2019-07-10 04:00:00+00:00,0.004642869158564045
2019-07-11 04:00:00+00:00,0.002377683265798236
2019-07-12 04:00:00+00:00,0.004443405051449911
2019-07-15 04:00:00+00:00,0.0006319640778313929
2019-07-16 04:00:00+00:00,-0.003523467623986143
2019-07-17 04:00:00+00:00,-0.006671559143371808
2019-07-18 04:00:00+00:00,0.0036604204446235578
2019-07-19 04:00:00+00:00,-0.005386957540067683
2019-07-22 04:00:00+00:00,0.001850232120029549
2019-07-23 04:00:00+00:00,0.007286524965582242
2019-07-24 04:00:00+00:00,0.004733648909927224
2019-07-25 04:00:00+00:00,-0.004744525547445089
2019-07-26 04:00:00+00:00,0.006633996733006464
2019-07-29 04:00:00+00:00,-0.0015564975493441713
2019-07-30 04:00:00+00:00,-0.0023218017181332318
2019-07-31 04:00:00+00:00,-0.011270321486751667
2019-08-01 04:00:00+00:00,-0.008069939475453869
2019-08-02 04:00:00+00:00,-0.008067796610169431
2019-08-05 04:00:00+00:00,-0.029287130066297573
2019-08-06 04:00:00+00:00,0.012955465587044523
2019-08-07 04:00:00+00:00,0.0014944566086261268
2019-08-08 04:00:00+00:00,0.018843697945585713
2019-08-09 04:00:00+00:00,-0.006778160019074053
2019-08-12 04:00:00+00:00,-0.012105624142661253
2019-08-13 04:00:00+00:00,0.015100496407123298
2019-08-14 04:00:00+00:00,-0.028725805348471467
2019-08-15 04:00:00+00:00,0.002218153651151411
2019-08-16 04:00:00+00:00,0.014614438784472217
2019-08-19 04:00:00+00:00,0.012153318790900647
2019-08-20 04:00:00+00:00,-0.007868089764641484
2019-08-21 04:00:00+00:00,0.008240810978553448
2019-08-22 04:00:00+00:00,-0.000273588454567375
2019-08-23 04:00:00+00:00,-0.025484897205213297
2019-08-26 04:00:00+00:00,0.01077646728447057
2019-08-27 04:00:00+00:00,-0.004341031429067499
2019-08-28 04:00:00+00:00,0.007464248343215907
2019-08-29 04:00:00+00:00,0.012948345104556225
2019-08-30 04:00:00+00:00,-0.00043509467496061216
2019-09-03 04:00:00+00:00,-0.005822138075661454
2019-09-04 04:00:00+00:00,0.011074806534823844
2019-09-05 04:00:00+00:00,0.01285845494438198
2019-09-06 04:00:00+00:00,0.001007556675062915
2019-09-09 04:00:00+00:00,0.0005032712632107028
2019-09-10 04:00:00+00:00,-0.00036887994634482446
2019-09-11 04:00:00+00:00,0.00744741521017156
2019-09-12 04:00:00+00:00,0.003496387066697748
2019-09-13 04:00:00+00:00,-0.0012277674542076067
2019-09-16 04:00:00+00:00,-0.0025914482208712064
2019-09-17 04:00:00+00:00,0.0024649412078212585
2019-09-18 04:00:00+00:00,0.0004984216647285766
2019-09-19 04:00:00+00:00,-9.96346728662223e-05
2019-09-20 04:00:00+00:00,-0.009931245225362928
2019-09-23 04:00:00+00:00,0.0007380568974773016
2019-09-24 04:00:00+00:00,-0.007978545088836775
2019-09-25 04:00:00+00:00,0.00571100297377658
2019-09-26 04:00:00+00:00,-0.002049662309734246
2019-09-27 04:00:00+00:00,-0.0053535353535352215
2019-09-30 04:00:00+00:00,0.004673166108120963
2019-10-01 04:00:00+00:00,-0.011693433583622181
2019-10-02 04:00:00+00:00,-0.017591708714032372
2019-10-03 04:00:00+00:00,0.007946973903386834
2019-10-04 04:00:00+00:00,0.01325529351007071
2019-10-07 04:00:00+00:00,-0.004077471967380175
2019-10-08 04:00:00+00:00,-0.015148413510747138
2019-10-09 04:00:00+00:00,0.008522136769902211
2019-10-10 04:00:00+00:00,0.007453970871118543
2019-10-11 04:00:00+00:00,0.010092400013638203
2019-10-14 04:00:00+00:00,-0.0007426160337553611
2019-10-15 04:00:00+00:00,0.009627402628112014
2019-10-16 04:00:00+00:00,-0.001405246252676684
2019-10-17 04:00:00+00:00,0.0025128995510286245
2019-10-18 04:00:00+00:00,-0.0037431904013903727
2019-10-21 04:00:00+00:00,0.006508101580059655
2019-10-22 04:00:00+00:00,-0.003466320034663073
2019-10-23 04:00:00+00:00,0.002809458510317997
2019-10-24 04:00:00+00:00,0.0019677817429877287
2019-10-25 04:00:00+00:00,0.0038945476333132056
2019-10-28 04:00:00+00:00,0.005802579661129403
2019-10-29 04:00:00+00:00,-0.0006593261686556051
2019-10-30 04:00:00+00:00,0.003529722240548816
2019-10-31 04:00:00+00:00,-0.0028927385687518292
2019-11-01 04:00:00+00:00,0.009362740249893031
2019-11-04 05:00:00+00:00,0.003919391187902077
2019-11-05 05:00:00+00:00,-0.0010736246217912804
2019-11-06 05:00:00+00:00,9.770713913481721e-05
2019-11-07 05:00:00+00:00,0.0037125085485394393
2019-11-08 05:00:00+00:00,0.0023360695629603967
2019-11-11 05:00:00+00:00,-0.0018450781730489085
2019-11-12 05:00:00+00:00,0.0019457776624722811
2019-11-13 05:00:00+00:00,0.0006149663386845194
2019-11-14 05:00:00+00:00,0.0012615235322659402
2019-11-15 05:00:00+00:00,0.007333462557343129
2019-11-18 05:00:00+00:00,0.0005452038100126622
2019-11-19 05:00:00+00:00,-0.0002243733572664386
2019-11-20 05:00:00+00:00,-0.0035266583309289112
2019-11-21 05:00:00+00:00,-0.0016408738457578398
2019-11-22 05:00:00+00:00,0.0023203351595229016
2019-11-25 05:00:00+00:00,0.00742717510127977
2019-11-26 05:00:00+00:00,0.0021064053872914545
2019-11-27 05:00:00+00:00,0.004554285168317573
2019-11-29 05:00:00+00:00,-0.0034557098471880154
2019-12-02 05:00:00+00:00,-0.008494257627334245
2019-12-03 05:00:00+00:00,-0.006898543284348468
2019-12-04 05:00:00+00:00,0.006429517624632508
2019-12-05 05:00:00+00:00,0.001894060995184521
2019-12-06 05:00:00+00:00,0.008779518728571967
2019-12-09 05:00:00+00:00,-0.002985738334974397
2019-12-10 05:00:00+00:00,-0.0009876071235146444
2019-12-11 05:00:00+00:00,0.0023917341667198944
2019-12-12 05:00:00+00:00,0.008748767219164622
2019-12-13 05:00:00+00:00,0.0006622934275262171
2019-12-16 05:00:00+00:00,0.006933719940748206
2019-12-17 05:00:00+00:00,0.00018623431093311993
2019-12-18 05:00:00+00:00,3.285875897152124e-05
2019-12-19 05:00:00+00:00,0.004099386656652992
2019-12-20 05:00:00+00:00,-3.116526942370523e-05
2019-12-23 05:00:00+00:00,0.0012778158698496522
2019-12-24 05:00:00+00:00,-9.33794005041344e-05
2019-12-26 05:00:00+00:00,0.005291993525090133
2019-12-27 05:00:00+00:00,-0.0002786895398525502
2019-12-30 05:00:00+00:00,-0.005327551494502147
2019-12-31 05:00:00+00:00,0.002242082645657506
2020-01-02 05:00:00+00:00,0.009383253068199426
2020-01-03 05:00:00+00:00,-0.007510696586326859
2020-01-06 05:00:00+00:00,0.004031882889309335
2020-01-07 05:00:00+00:00,-0.003058103975535187
2020-01-08 05:00:00+00:00,0.005205428518312072
2020-01-09 05:00:00+00:00,0.006688860119598017
2020-01-10 05:00:00+00:00,-0.0029088459536421585
2020-01-13 05:00:00+00:00,0.007001596855423342
2020-01-14 05:00:00+00:00,-0.0015247621371066167
2020-01-15 05:00:00+00:00,0.0022600940687802495
2020-01-16 05:00:00+00:00,0.00822769380789845
2020-01-17 05:00:00+00:00,0.0034757903645046273
2020-01-21 05:00:00+00:00,-0.0021686093792354644
2020-01-22 05:00:00+00:00,0.0001811102055599978
2020-01-23 05:00:00+00:00,0.0013580805794477513
2020-01-24 05:00:00+00:00,-0.009162145871006722
2020-01-27 05:00:00+00:00,-0.015969095997079963
2020-01-28 05:00:00+00:00,0.01041698865568308
2020-01-29 05:00:00+00:00,-0.0007953989231521685
2020-01-30 05:00:00+00:00,0.0030616618700629594
2020-01-31 05:00:00+00:00,-0.017917099078200383
2020-02-03 05:00:00+00:00,0.007365967365967396
2020-02-04 05:00:00+00:00,0.015241268665926233
2020-02-05 05:00:00+00:00,0.011487266759861336
2020-02-06 05:00:00+00:00,0.003274846773224427
2020-02-07 05:00:00+00:00,-0.005060940915760814
2020-02-10 05:00:00+00:00,0.007554779677341639
2020-02-11 05:00:00+00:00,0.0015533980582522755
2020-02-12 05:00:00+00:00,0.006472395382825846
2020-02-13 05:00:00+00:00,-0.0008001422475105713
2020-02-14 05:00:00+00:00,0.0012753210546607718
2020-02-18 05:00:00+00:00,-0.002577014218009488
2020-02-19 05:00:00+00:00,0.004721884002019339
2020-02-20 05:00:00+00:00,-0.003931189406479074
2020-02-21 05:00:00+00:00,-0.010504762752604035
2020-02-24 05:00:00+00:00,-0.03307842255210669
2020-02-25 05:00:00+00:00,-0.030488183115191525
2020-02-26 05:00:00+00:00,-0.003135097092037409
2020-02-27 05:00:00+00:00,-0.04463913224864424
2020-02-28 05:00:00+00:00,-0.004904266039637117
2020-03-02 05:00:00+00:00,0.04273561976775575
2020-03-03 05:00:00+00:00,-0.027775979281320806
2020-03-04 05:00:00+00:00,0.042388119339371366
2020-03-05 05:00:00+00:00,-0.033668743012298386
2020-03-06 05:00:00+00:00,-0.016792833294767107
2020-03-09 04:00:00+00:00,-0.07097468311871702
2020-03-10 04:00:00+00:00,0.04375361899247254
2020-03-11 04:00:00+00:00,-0.04909677195658968
2020-03-12 04:00:00+00:00,-0.06931631722880582
2020-03-13 04:00:00+00:00,0.058611502899232004
2020-03-16 04:00:00+00:00,-0.10782753515914134
2020-03-17 04:00:00+00:00,0.0544458963350134
2020-03-18 04:00:00+00:00,-0.07278020378457062
2020-03-19 04:00:00+00:00,0.020620306334591998
2020-03-20 04:00:00+00:00,-0.04635210974849302
2020-03-23 04:00:00+00:00,-0.029293809938971238
2020-03-24 04:00:00+00:00,0.08676127178013293
2020-03-25 04:00:00+00:00,0.01979338842975209
2020-03-26 04:00:00+00:00,0.05729567648608125
2020-03-27 04:00:00+00:00,-0.026558847200398583
2020-03-30 04:00:00+00:00,0.029763779527559153
2020-03-31 04:00:00+00:00,-0.01605750114696436
2020-04-01 04:00:00+00:00,-0.04398507926639739
2020-04-02 04:00:00+00:00,0.0239391968785565
2020-04-03 04:00:00+00:00,-0.015798039137855824
2020-04-06 04:00:00+00:00,0.06771526517443038
2020-04-07 04:00:00+00:00,0.0016620080078566524
2020-04-08 04:00:00+00:00,0.03326042687985509
2020-04-09 04:00:00+00:00,0.015401459854014643
2020-04-13 04:00:00+00:00,-0.009309179785781163
2020-04-14 04:00:00+00:00,0.029641185647425905
2020-04-15 04:00:00+00:00,-0.02131782945736438
2020-04-16 04:00:00+00:00,0.00435643564356436
2020-04-17 04:00:00+00:00,0.0271723544594209
2020-04-20 04:00:00+00:00,-0.016681789627975285
2020-04-21 04:00:00+00:00,-0.030486939239068644
2020-04-22 04:00:00+00:00,0.02148845041549219
2020-04-23 04:00:00+00:00,-0.0001075114678900091
2020-04-24 04:00:00+00:00,0.013906311601734611
2020-04-27 04:00:00+00:00,0.01488210965392911
2020-04-28 04:00:00+00:00,-0.0049111807732498125
2020-04-29 04:00:00+00:00,0.02611221953866072
2020-04-30 04:00:00+00:00,-0.008596281767013436
2020-05-01 04:00:00+00:00,-0.026838247944121485
2020-05-04 04:00:00+00:00,0.002687126542445961
2020-05-05 04:00:00+00:00,0.009027116612010389
2020-05-06 04:00:00+00:00,-0.006325353835401004
2020-05-07 04:00:00+00:00,0.011816838995568624
2020-05-08 04:00:00+00:00,0.016718804310045243
2020-05-11 04:00:00+00:00,0.0003760555194693982
2020-05-12 04:00:00+00:00,-0.020743626546374072
2020-05-13 04:00:00+00:00,-0.017658349328214973
2020-05-14 04:00:00+00:00,0.012611460442644606
2020-05-15 04:00:00+00:00,0.004385349424642193
2020-05-18 04:00:00+00:00,0.03021411855111933
2020-05-19 04:00:00+00:00,-0.009256119888791048
2020-05-20 04:00:00+00:00,0.01649498648232428
2020-05-21 04:00:00+00:00,-0.007406659260007387
2020-05-22 04:00:00+00:00,0.002204660312722595
2020-05-26 04:00:00+00:00,0.012589684581020721
2020-05-27 04:00:00+00:00,0.014538770053476036
2020-05-28 04:00:00+00:00,-0.001581288090924171
2020-05-29 04:00:00+00:00,0.004685386214406062
2020-06-01 04:00:00+00:00,0.003152812900259372
2020-06-02 04:00:00+00:00,0.008610247176297214
2020-06-03 04:00:00+00:00,0.013016099714359797
2020-06-04 04:00:00+00:00,-0.0024031529366529414
2020-06-05 04:00:00+00:00,0.025888096614633538
2020-06-08 04:00:00+00:00,0.011740763932373222
2020-06-09 04:00:00+00:00,-0.006838929289803453
2020-06-10 04:00:00+00:00,-0.005951268149810063
2020-06-11 04:00:00+00:00,-0.05748675673134185
2020-06-12 04:00:00+00:00,0.012271774917689271
2020-06-15 04:00:00+00:00,0.008969051843090936
2020-06-16 04:00:00+00:00,0.01836475529940418
2020-06-17 04:00:00+00:00,-0.0034852118305355173
2020-06-18 04:00:00+00:00,0.0003208624783417324
2020-06-19 04:00:00+00:00,-0.010328457788042034
2020-06-22 04:00:00+00:00,0.006903480910092741
2020-06-23 04:00:00+00:00,0.00428106994560129
2020-06-24 04:00:00+00:00,-0.02496794871794883
2020-06-25 04:00:00+00:00,0.0100259689030604
2020-06-26 04:00:00+00:00,-0.023335286076938133
2020-06-29 04:00:00+00:00,0.014895531340597845
2020-06-30 04:00:00+00:00,0.014381402679275013
2020-07-01 04:00:00+00:00,0.005276105392632902
2020-07-02 04:00:00+00:00,0.005216215345976716
2020-07-06 04:00:00+00:00,0.015439315801274889
2020-07-07 04:00:00+00:00,-0.01022049777609546
2020-07-08 04:00:00+00:00,0.007617044331835521
2020-07-09 04:00:00+00:00,-0.004934210526315819
2020-07-10 04:00:00+00:00,0.009663064208518701
2020-07-13 04:00:00+00:00,-0.00890945724719805
2020-07-14 04:00:00+00:00,0.013087258981608008
2020-07-15 04:00:00+00:00,0.009563227040416455
2020-07-16 04:00:00+00:00,-0.003478476924032581
2020-07-17 04:00:00+00:00,0.0026179642211554555
2020-07-20 04:00:00+00:00,0.007988809449797962
2020-07-21 04:00:00+00:00,0.0019428254232582987
2020-07-22 04:00:00+00:00,0.00590951061865197
2020-07-23 04:00:00+00:00,-0.011841380576464111
2020-07-24 04:00:00+00:00,-0.0063167673014397074
2020-07-27 04:00:00+00:00,0.0073540868156178885
2020-07-28 04:00:00+00:00,-0.006093977170785969
2020-07-29 04:00:00+00:00,0.011546840958605697
2020-07-30 04:00:00+00:00,-0.0031691332574381725
2020-07-31 04:00:00+00:00,0.007469596888696639
2020-08-03 04:00:00+00:00,0.006954656862745212
2020-08-04 04:00:00+00:00,0.004046612103325575
2020-08-05 04:00:00+00:00,0.006151515151515019
2020-08-06 04:00:00+00:00,0.006896967141523325
2020-08-07 04:00:00+00:00,0.0007477865518066285
2020-08-10 04:00:00+00:00,0.002959022028275138
2020-08-11 04:00:00+00:00,-0.008165454762188662
2020-08-12 04:00:00+00:00,0.013490775794723797
2020-08-13 04:00:00+00:00,-0.0014823159704722144
2020-08-14 04:00:00+00:00,0.00011876131943822088
2020-08-17 04:00:00+00:00,0.003176488051061188
2020-08-18 04:00:00+00:00,0.001997514204545414
2020-08-19 04:00:00+00:00,-0.004326702993251663
2020-08-20 04:00:00+00:00,0.0035001334796667116
2020-08-21 04:00:00+00:00,0.00336969052052849
2020-08-24 04:00:00+00:00,0.010163499779054286
2020-08-25 04:00:00+00:00,0.003645377661125604
2020-08-26 04:00:00+00:00,0.010053755629812589
2020-08-27 04:00:00+00:00,0.002100054658956685
2020-08-28 04:00:00+00:00,0.0064017913532756765
2020-08-31 04:00:00+00:00,-0.002137661522663037
2020-09-01 04:00:00+00:00,0.008173903995362108
2020-09-02 04:00:00+00:00,0.014460700918679681
2020-09-03 04:00:00+00:00,-0.0342389177706971
2020-09-04 04:00:00+00:00,-0.0092032529736924
2020-09-08 04:00:00+00:00,-0.026522564626843992
2020-09-09 04:00:00+00:00,0.019503705704083885
2020-09-10 04:00:00+00:00,-0.016599464343526438
2020-09-11 04:00:00+00:00,-0.00011971388381770698
2020-09-14 04:00:00+00:00,0.013020443593043884
2020-09-15 04:00:00+00:00,0.004963952251507031
2020-09-16 04:00:00+00:00,-0.0036457720804422555
2020-09-17 04:00:00+00:00,-0.008882200188857436
2020-09-18 04:00:00+00:00,-0.015184446363176285
2020-09-21 04:00:00+00:00,-0.011034858058469599
2020-09-22 04:00:00+00:00,0.00972120322817327
2020-09-23 04:00:00+00:00,-0.023493793521041417
2020-09-24 04:00:00+00:00,0.002728343771315256
2020-09-25 04:00:00+00:00,0.016387360089048286
2020-09-28 04:00:00+00:00,0.01682282793867107
2020-09-29 04:00:00+00:00,-0.005445026178010459
2020-09-30 04:00:00+00:00,0.005685407454200764
2020-10-01 04:00:00+00:00,0.007926537449150617
2020-10-02 04:00:00+00:00,-0.009169955782413974
2020-10-05 04:00:00+00:00,0.0174913142446389
2020-10-06 04:00:00+00:00,-0.01404097492052292
2020-10-07 04:00:00+00:00,0.017316017316017396
2020-10-08 04:00:00+00:00,0.008510638297872353
2020-10-09 04:00:00+00:00,0.008962607303943049
2020-10-12 04:00:00+00:00,0.01623741816398927
2020-10-13 04:00:00+00:00,-0.006215234419343796
2020-10-14 04:00:00+00:00,-0.006396892937715948
2020-10-15 04:00:00+00:00,-0.001120915126605837
2020-10-16 04:00:00+00:00,-0.0006330206594925558
2020-10-19 04:00:00+00:00,-0.014942992053437743
2020-10-20 04:00:00+00:00,0.003419752725572156
2020-10-21 04:00:00+00:00,-0.001893387707544547
2020-10-22 04:00:00+00:00,0.005807675470596907
2020-10-23 04:00:00+00:00,0.002843546889508053
2020-10-26 04:00:00+00:00,-0.017967710201955867
2020-10-27 04:00:00+00:00,-0.0031819922807225787
2020-10-28 04:00:00+00:00,-0.03437472290367394
2020-10-29 04:00:00+00:00,0.01034588307315576
2020-10-30 04:00:00+00:00,-0.01027023751817735
2020-11-02 05:00:00+00:00,0.010713520462824144
2020-11-03 05:00:00+00:00,0.017353644871134888
2020-11-04 05:00:00+00:00,0.022683972374374806
2020-11-05 05:00:00+00:00,0.019357280083832862
2020-11-06 05:00:00+00:00,-2.8555926782525276e-05
2020-11-09 05:00:00+00:00,0.012679193557598945
2020-11-10 05:00:00+00:00,-0.0015227567537082765
2020-11-11 05:00:00+00:00,0.007455942159964035
2020-11-12 05:00:00+00:00,-0.009475218658892226
2020-11-13 05:00:00+00:00,0.01347144393502031
2020-11-16 05:00:00+00:00,0.012510471935213596
2020-11-17 05:00:00+00:00,-0.004854101163881075
2020-11-18 05:00:00+00:00,-0.012665595033534705
2020-11-19 05:00:00+00:00,0.0047999999999999154
2020-11-20 05:00:00+00:00,-0.007291317465638492
2020-11-23 05:00:00+00:00,0.006134796679330146
2020-11-24 05:00:00+00:00,0.015690990965793183
2020-11-25 05:00:00+00:00,-0.001789943272566985
2020-11-27 05:00:00+00:00,0.0033656100857952786
2020-11-30 05:00:00+00:00,-0.004124164856616486
2020-12-01 05:00:00+00:00,0.010021810551889665
2020-12-02 05:00:00+00:00,0.0026787666739558347
2020-12-03 05:00:00+00:00,-0.0004089199062209392
2020-12-04 05:00:00+00:00,0.00848174107508104
2020-12-07 05:00:00+00:00,-0.00167667261615001
2020-12-08 05:00:00+00:00,0.002790118105970185
2020-12-09 05:00:00+00:00,-0.0092384991490857
2020-12-10 05:00:00+00:00,0.0002726504348775638
2020-12-11 05:00:00+00:00,-0.0019898056532287045
2020-12-14 05:00:00+00:00,-0.003386682689681564
2020-12-15 05:00:00+00:00,0.012770622088243533
2020-12-16 05:00:00+00:00,0.0013529602770863125
2020-12-17 05:00:00+00:00,0.005755823379992364
2020-12-18 05:00:00+00:00,-0.008167871248555891
2020-12-21 05:00:00+00:00,-0.004063388866314521
2020-12-22 05:00:00+00:00,-0.0009519923840608513
2020-12-23 05:00:00+00:00,0.0005172883201742806
2020-12-24 05:00:00+00:00,0.00419059022014201
2020-12-28 05:00:00+00:00,0.00864428366257508
2020-12-29 05:00:00+00:00,-0.0016119499220891287
2020-12-30 05:00:00+00:00,0.0011032775415746876
2020-12-31 05:00:00+00:00,0.00596726070478204
