timestamp,close
2016-01-04 05:00:00+00:00,201.0192
2016-01-05 05:00:00+00:00,201.36
2016-01-06 05:00:00+00:00,198.82
2016-01-07 05:00:00+00:00,194.05
2016-01-08 05:00:00+00:00,191.923
2016-01-11 05:00:00+00:00,192.11
2016-01-12 05:00:00+00:00,193.6608
2016-01-13 05:00:00+00:00,188.83
2016-01-14 05:00:00+00:00,191.93
2016-01-15 05:00:00+00:00,187.81
2016-01-19 05:00:00+00:00,188.06
2016-01-20 05:00:00+00:00,185.65
2016-01-21 05:00:00+00:00,186.69
2016-01-22 05:00:00+00:00,190.52
2016-01-25 05:00:00+00:00,187.64
2016-01-26 05:00:00+00:00,190.2
2016-01-27 05:00:00+00:00,188.13
2016-01-28 05:00:00+00:00,189.11
2016-01-29 05:00:00+00:00,193.7208
2016-02-01 05:00:00+00:00,193.65
2016-02-02 05:00:00+00:00,190.16
2016-02-03 05:00:00+00:00,191.3
2016-02-04 05:00:00+00:00,191.6
2016-02-05 05:00:00+00:00,187.95
2016-02-08 05:00:00+00:00,185.42
2016-02-09 05:00:00+00:00,185.43
2016-02-10 05:00:00+00:00,185.27
2016-02-11 05:00:00+00:00,182.86
2016-02-12 05:00:00+00:00,186.63
2016-02-16 05:00:00+00:00,189.78
2016-02-17 05:00:00+00:00,192.88
2016-02-18 05:00:00+00:00,192.09
2016-02-19 05:00:00+00:00,192.0
2016-02-22 05:00:00+00:00,194.78
2016-02-23 05:00:00+00:00,192.32
2016-02-24 05:00:00+00:00,193.2
2016-02-25 05:00:00+00:00,195.54
2016-02-26 05:00:00+00:00,195.0892
2016-02-29 05:00:00+00:00,193.35
2016-03-01 05:00:00+00:00,198.11
2016-03-02 05:00:00+00:00,199.0
2016-03-03 05:00:00+00:00,199.775
2016-03-04 05:00:00+00:00,200.43
2016-03-07 05:00:00+00:00,200.59
2016-03-08 05:00:00+00:00,198.4
2016-03-09 05:00:00+00:00,199.38
2016-03-10 05:00:00+00:00,199.54
2016-03-11 05:00:00+00:00,202.76
2016-03-14 04:00:00+00:00,202.5
2016-03-15 04:00:00+00:00,202.17
2016-03-16 04:00:00+00:00,203.34
2016-03-17 04:00:00+00:00,204.63
2016-03-18 04:00:00+00:00,204.38
2016-03-21 04:00:00+00:00,204.67
2016-03-22 04:00:00+00:00,204.56
2016-03-23 04:00:00+00:00,203.2092
2016-03-24 04:00:00+00:00,203.12
2016-03-28 04:00:00+00:00,203.24
2016-03-29 04:00:00+00:00,205.1208
2016-03-30 04:00:00+00:00,206.02
2016-03-31 04:00:00+00:00,205.52
2016-04-01 04:00:00+00:00,206.92
2016-04-04 04:00:00+00:00,206.25
2016-04-05 04:00:00+00:00,204.1892
2016-04-06 04:00:00+00:00,206.42
2016-04-07 04:00:00+00:00,203.95
2016-04-08 04:00:00+00:00,204.4992
2016-04-11 04:00:00+00:00,204.0201
2016-04-12 04:00:00+00:00,205.92
2016-04-13 04:00:00+00:00,208.0008
2016-04-14 04:00:00+00:00,208.01
2016-04-15 04:00:00+00:00,207.78
2016-04-18 04:00:00+00:00,209.2392
2016-04-19 04:00:00+00:00,209.9
2016-04-20 04:00:00+00:00,210.1
2016-04-21 04:00:00+00:00,208.97
2016-04-22 04:00:00+00:00,208.97
2016-04-25 04:00:00+00:00,208.61
2016-04-26 04:00:00+00:00,208.9192
2016-04-27 04:00:00+00:00,209.35
2016-04-28 04:00:00+00:00,207.4475
2016-04-29 04:00:00+00:00,206.3308
2016-05-02 04:00:00+00:00,207.97
2016-05-03 04:00:00+00:00,206.1592
2016-05-04 04:00:00+00:00,205.01
2016-05-05 04:00:00+00:00,204.97
2016-05-06 04:00:00+00:00,205.72
2016-05-09 04:00:00+00:00,205.8892
2016-05-10 04:00:00+00:00,208.45
2016-05-11 04:00:00+00:00,206.5
2016-05-12 04:00:00+00:00,206.56
2016-05-13 04:00:00+00:00,204.76
2016-05-16 04:00:00+00:00,206.78
2016-05-17 04:00:00+00:00,204.8508
2016-05-18 04:00:00+00:00,204.91
2016-05-19 04:00:00+00:00,204.2
2016-05-20 04:00:00+00:00,205.49
2016-05-23 04:00:00+00:00,205.21
2016-05-24 04:00:00+00:00,207.87
2016-05-25 04:00:00+00:00,209.28
2016-05-26 04:00:00+00:00,209.34
2016-05-27 04:00:00+00:00,210.24
2016-05-31 04:00:00+00:00,209.84
2016-06-01 04:00:00+00:00,210.27
2016-06-02 04:00:00+00:00,210.91
2016-06-03 04:00:00+00:00,210.28
2016-06-06 04:00:00+00:00,211.35
2016-06-07 04:00:00+00:00,211.68
2016-06-08 04:00:00+00:00,212.37
2016-06-09 04:00:00+00:00,212.08
2016-06-10 04:00:00+00:00,210.07
2016-06-13 04:00:00+00:00,208.4492
2016-06-14 04:00:00+00:00,208.04
2016-06-15 04:00:00+00:00,207.75
2016-06-16 04:00:00+00:00,208.37
2016-06-17 04:00:00+00:00,206.52
2016-06-20 04:00:00+00:00,207.85
2016-06-21 04:00:00+00:00,208.44
2016-06-22 04:00:00+00:00,208.1
2016-06-23 04:00:00+00:00,210.81
2016-06-24 04:00:00+00:00,203.2425
2016-06-27 04:00:00+00:00,199.6
2016-06-28 04:00:00+00:00,203.1997
2016-06-29 04:00:00+00:00,206.66
2016-06-30 04:00:00+00:00,209.475
2016-07-01 04:00:00+00:00,209.9208
2016-07-05 04:00:00+00:00,208.41
2016-07-06 04:00:00+00:00,209.66
2016-07-07 04:00:00+00:00,209.526
2016-07-08 04:00:00+00:00,212.65
2016-07-11 04:00:00+00:00,213.4
2016-07-12 04:00:00+00:00,214.95
2016-07-13 04:00:00+00:00,214.92
2016-07-14 04:00:00+00:00,216.12
2016-07-15 04:00:00+00:00,215.83
2016-07-18 04:00:00+00:00,216.4092
2016-07-19 04:00:00+00:00,216.19
2016-07-20 04:00:00+00:00,217.085
2016-07-21 04:00:00+00:00,216.265
2016-07-22 04:00:00+00:00,217.24
2016-07-25 04:00:00+00:00,216.65
2016-07-26 04:00:00+00:00,216.75
2016-07-27 04:00:00+00:00,216.52
2016-07-28 04:00:00+00:00,216.77
2016-07-29 04:00:00+00:00,217.12
2016-08-01 04:00:00+00:00,216.94
2016-08-02 04:00:00+00:00,215.5492
2016-08-03 04:00:00+00:00,216.18
2016-08-04 04:00:00+00:00,216.4097
2016-08-05 04:00:00+00:00,218.18
2016-08-08 04:00:00+00:00,218.05
2016-08-09 04:00:00+00:00,218.18
2016-08-10 04:00:00+00:00,217.64
2016-08-11 04:00:00+00:00,218.65
2016-08-12 04:00:00+00:00,218.46
2016-08-15 04:00:00+00:00,219.09
2016-08-16 04:00:00+00:00,217.96
2016-08-17 04:00:00+00:00,218.37
2016-08-18 04:00:00+00:00,218.86
2016-08-19 04:00:00+00:00,218.54
2016-08-22 04:00:00+00:00,218.53
2016-08-23 04:00:00+00:00,218.97
2016-08-24 04:00:00+00:00,217.85
2016-08-25 04:00:00+00:00,217.7
2016-08-26 04:00:00+00:00,217.29
2016-08-29 04:00:00+00:00,218.3608
2016-08-30 04:00:00+00:00,218.0
2016-08-31 04:00:00+00:00,217.38
2016-09-01 04:00:00+00:00,217.39
2016-09-02 04:00:00+00:00,218.37
2016-09-06 04:00:00+00:00,219.0308
2016-09-07 04:00:00+00:00,219.01
2016-09-08 04:00:00+00:00,218.51
2016-09-09 04:00:00+00:00,213.28
2016-09-12 04:00:00+00:00,216.34
2016-09-13 04:00:00+00:00,213.23
2016-09-14 04:00:00+00:00,213.13
2016-09-15 04:00:00+00:00,215.27
2016-09-16 04:00:00+00:00,213.36
2016-09-19 04:00:00+00:00,213.3992
2016-09-20 04:00:00+00:00,213.45
2016-09-21 04:00:00+00:00,215.78
2016-09-22 04:00:00+00:00,217.18
2016-09-23 04:00:00+00:00,216.02
2016-09-26 04:00:00+00:00,214.2
2016-09-27 04:00:00+00:00,215.56
2016-09-28 04:00:00+00:00,216.62
2016-09-29 04:00:00+00:00,214.75
2016-09-30 04:00:00+00:00,216.35
2016-10-03 04:00:00+00:00,215.7
2016-10-04 04:00:00+00:00,214.65
2016-10-05 04:00:00+00:00,215.66
2016-10-06 04:00:00+00:00,215.83
2016-10-07 04:00:00+00:00,215.03
2016-10-10 04:00:00+00:00,216.0808
2016-10-11 04:00:00+00:00,213.44
2016-10-12 04:00:00+00:00,213.67
2016-10-13 04:00:00+00:00,213.07
2016-10-14 04:00:00+00:00,213.06
2016-10-17 04:00:00+00:00,212.43
2016-10-18 04:00:00+00:00,213.67
2016-10-19 04:00:00+00:00,214.2203
2016-10-20 04:00:00+00:00,213.9
2016-10-21 04:00:00+00:00,213.89
2016-10-24 04:00:00+00:00,214.86
2016-10-25 04:00:00+00:00,214.19
2016-10-26 04:00:00+00:00,213.75
2016-10-27 04:00:00+00:00,213.175
2016-10-28 04:00:00+00:00,212.5
2016-10-31 04:00:00+00:00,212.56
2016-11-01 04:00:00+00:00,211.02
2016-11-02 04:00:00+00:00,209.71
2016-11-03 04:00:00+00:00,208.84
2016-11-04 04:00:00+00:00,208.56
2016-11-07 05:00:00+00:00,212.49
2016-11-08 05:00:00+00:00,214.04
2016-11-09 05:00:00+00:00,216.3792
2016-11-10 05:00:00+00:00,216.94
2016-11-11 05:00:00+00:00,216.45
2016-11-14 05:00:00+00:00,216.57
2016-11-15 05:00:00+00:00,218.25
2016-11-16 05:00:00+00:00,217.9392
2016-11-17 05:00:00+00:00,218.94
2016-11-18 05:00:00+00:00,218.48
2016-11-21 05:00:00+00:00,220.12
2016-11-22 05:00:00+00:00,220.57
2016-11-23 05:00:00+00:00,220.71
2016-11-25 05:00:00+00:00,221.52
2016-11-28 05:00:00+00:00,220.54
2016-11-29 05:00:00+00:00,220.88
2016-11-30 05:00:00+00:00,220.39
2016-12-01 05:00:00+00:00,219.5608
2016-12-02 05:00:00+00:00,219.6108
2016-12-05 05:00:00+00:00,220.94
2016-12-06 05:00:00+00:00,221.66
2016-12-07 05:00:00+00:00,224.55
2016-12-08 05:00:00+00:00,225.13
2016-12-09 05:00:00+00:00,226.53
2016-12-12 05:00:00+00:00,226.22
2016-12-13 05:00:00+00:00,227.69
2016-12-14 05:00:00+00:00,225.92
2016-12-15 05:00:00+00:00,226.77
2016-12-16 05:00:00+00:00,225.05
2016-12-19 05:00:00+00:00,225.5
2016-12-20 05:00:00+00:00,226.38
2016-12-21 05:00:00+00:00,225.7903
2016-12-22 05:00:00+00:00,225.44
2016-12-23 05:00:00+00:00,225.7
2016-12-27 05:00:00+00:00,226.25
2016-12-28 05:00:00+00:00,224.43
2016-12-29 05:00:00+00:00,224.33
2016-12-30 05:00:00+00:00,223.52
2017-01-03 05:00:00+00:00,225.14
2017-01-04 05:00:00+00:00,226.53
2017-01-05 05:00:00+00:00,226.34
2017-01-06 05:00:00+00:00,227.25
2017-01-09 05:00:00+00:00,226.52
2017-01-10 05:00:00+00:00,226.48
2017-01-11 05:00:00+00:00,227.0308
2017-01-12 05:00:00+00:00,226.5508
2017-01-13 05:00:00+00:00,227.04
2017-01-17 05:00:00+00:00,226.28
2017-01-18 05:00:00+00:00,226.75
2017-01-19 05:00:00+00:00,226.01
2017-01-20 05:00:00+00:00,226.74
2017-01-23 05:00:00+00:00,226.17
2017-01-24 05:00:00+00:00,227.6008
2017-01-25 05:00:00+00:00,229.55
2017-01-26 05:00:00+00:00,229.33
2017-01-27 05:00:00+00:00,228.99
2017-01-30 05:00:00+00:00,227.6
2017-01-31 05:00:00+00:00,227.51
2017-02-01 05:00:00+00:00,227.65
2017-02-02 05:00:00+00:00,227.77
2017-02-03 05:00:00+00:00,229.35
2017-02-06 05:00:00+00:00,228.97
2017-02-07 05:00:00+00:00,228.96
2017-02-08 05:00:00+00:00,229.24
2017-02-09 05:00:00+00:00,230.57
2017-02-10 05:00:00+00:00,231.49
2017-02-13 05:00:00+00:00,232.6803
2017-02-14 05:00:00+00:00,233.7097
2017-02-15 05:00:00+00:00,234.89
2017-02-16 05:00:00+00:00,234.74
2017-02-17 05:00:00+00:00,235.04
2017-02-21 05:00:00+00:00,236.44
2017-02-22 05:00:00+00:00,236.29
2017-02-23 05:00:00+00:00,236.44
2017-02-24 05:00:00+00:00,236.77
2017-02-27 05:00:00+00:00,237.09
2017-02-28 05:00:00+00:00,236.5
2017-03-01 05:00:00+00:00,239.7408
2017-03-02 05:00:00+00:00,238.3
2017-03-03 05:00:00+00:00,238.43
2017-03-06 05:00:00+00:00,237.7892
2017-03-07 05:00:00+00:00,237.0
2017-03-08 05:00:00+00:00,236.59
2017-03-09 05:00:00+00:00,236.83
2017-03-10 05:00:00+00:00,237.66
2017-03-13 04:00:00+00:00,237.8
2017-03-14 04:00:00+00:00,236.94
2017-03-15 04:00:00+00:00,238.88
2017-03-16 04:00:00+00:00,238.49
2017-03-17 04:00:00+00:00,237.1008
2017-03-20 04:00:00+00:00,236.74
2017-03-21 04:00:00+00:00,233.76
2017-03-22 04:00:00+00:00,234.25
2017-03-23 04:00:00+00:00,233.94
2017-03-24 04:00:00+00:00,233.88
2017-03-27 04:00:00+00:00,233.575
2017-03-28 04:00:00+00:00,235.26
2017-03-29 04:00:00+00:00,235.56
2017-03-30 04:00:00+00:00,236.2692
2017-03-31 04:00:00+00:00,235.68
2017-04-03 04:00:00+00:00,235.37
2017-04-04 04:00:00+00:00,235.52
2017-04-05 04:00:00+00:00,234.76
2017-04-06 04:00:00+00:00,235.37
2017-04-07 04:00:00+00:00,235.17
2017-04-10 04:00:00+00:00,235.29
2017-04-11 04:00:00+00:00,235.03
2017-04-12 04:00:00+00:00,234.1408
2017-04-13 04:00:00+00:00,232.56
2017-04-17 04:00:00+00:00,234.57
2017-04-18 04:00:00+00:00,233.86
2017-04-19 04:00:00+00:00,233.49
2017-04-20 04:00:00+00:00,235.3
2017-04-21 04:00:00+00:00,234.59
2017-04-24 04:00:00+00:00,237.16
2017-04-25 04:00:00+00:00,238.52
2017-04-26 04:00:00+00:00,238.44
2017-04-27 04:00:00+00:00,238.6001
2017-04-28 04:00:00+00:00,238.12
2017-05-01 04:00:00+00:00,238.63
2017-05-02 04:00:00+00:00,238.76
2017-05-03 04:00:00+00:00,238.52
2017-05-04 04:00:00+00:00,238.74
2017-05-05 04:00:00+00:00,239.68
2017-05-08 04:00:00+00:00,239.67
2017-05-09 04:00:00+00:00,239.44
2017-05-10 04:00:00+00:00,239.86
2017-05-11 04:00:00+00:00,239.4592
2017-05-12 04:00:00+00:00,239.05
2017-05-15 04:00:00+00:00,240.2297
2017-05-16 04:00:00+00:00,240.09
2017-05-17 04:00:00+00:00,235.9292
2017-05-18 04:00:00+00:00,236.76
2017-05-19 04:00:00+00:00,238.27
2017-05-22 04:00:00+00:00,239.52
2017-05-23 04:00:00+00:00,240.03
2017-05-24 04:00:00+00:00,240.56
2017-05-25 04:00:00+00:00,241.74
2017-05-26 04:00:00+00:00,241.73
2017-05-30 04:00:00+00:00,241.53
2017-05-31 04:00:00+00:00,241.42
2017-06-01 04:00:00+00:00,243.3
2017-06-02 04:00:00+00:00,244.14
2017-06-05 04:00:00+00:00,243.97
2017-06-06 04:00:00+00:00,243.25
2017-06-07 04:00:00+00:00,243.6692
2017-06-08 04:00:00+00:00,243.73
2017-06-09 04:00:00+00:00,243.5208
2017-06-12 04:00:00+00:00,243.35
2017-06-13 04:00:00+00:00,244.48
2017-06-14 04:00:00+00:00,244.26
2017-06-15 04:00:00+00:00,243.7697
2017-06-16 04:00:00+00:00,242.64
2017-06-19 04:00:00+00:00,244.65
2017-06-20 04:00:00+00:00,243.0592
2017-06-21 04:00:00+00:00,242.94
2017-06-22 04:00:00+00:00,242.83
2017-06-23 04:00:00+00:00,243.16
2017-06-26 04:00:00+00:00,243.26
2017-06-27 04:00:00+00:00,241.37
2017-06-28 04:00:00+00:00,243.47
2017-06-29 04:00:00+00:00,241.39
2017-06-30 04:00:00+00:00,241.79
2017-07-03 04:00:00+00:00,242.32
2017-07-05 04:00:00+00:00,242.74
2017-07-06 04:00:00+00:00,240.58
2017-07-07 04:00:00+00:00,242.1
2017-07-10 04:00:00+00:00,242.35
2017-07-11 04:00:00+00:00,242.18
2017-07-12 04:00:00+00:00,243.94
2017-07-13 04:00:00+00:00,244.42
2017-07-14 04:00:00+00:00,245.51
2017-07-17 04:00:00+00:00,245.52
2017-07-18 04:00:00+00:00,245.6697
2017-07-19 04:00:00+00:00,246.96
2017-07-20 04:00:00+00:00,247.04
2017-07-21 04:00:00+00:00,246.83
2017-07-24 04:00:00+00:00,246.79
2017-07-25 04:00:00+00:00,247.37
2017-07-26 04:00:00+00:00,247.42
2017-07-27 04:00:00+00:00,247.2292
2017-07-28 04:00:00+00:00,246.89
2017-07-31 04:00:00+00:00,246.79
2017-08-01 04:00:00+00:00,247.3
2017-08-02 04:00:00+00:00,247.42
2017-08-03 04:00:00+00:00,246.98
2017-08-04 04:00:00+00:00,247.39
2017-08-07 04:00:00+00:00,247.84
2017-08-08 04:00:00+00:00,247.27
2017-08-09 04:00:00+00:00,247.27
2017-08-10 04:00:00+00:00,243.7599
2017-08-11 04:00:00+00:00,244.11
2017-08-14 04:00:00+00:00,246.5
2017-08-15 04:00:00+00:00,246.53
2017-08-16 04:00:00+00:00,246.96
2017-08-17 04:00:00+00:00,243.14
2017-08-18 04:00:00+00:00,242.71
2017-08-21 04:00:00+00:00,242.92
2017-08-22 04:00:00+00:00,245.38
2017-08-23 04:00:00+00:00,244.5697
2017-08-24 04:00:00+00:00,244.045
2017-08-25 04:00:00+00:00,244.52
2017-08-28 04:00:00+00:00,244.6
2017-08-29 04:00:00+00:00,244.8597
2017-08-30 04:00:00+00:00,246.01
2017-08-31 04:00:00+00:00,247.29
2017-09-01 04:00:00+00:00,247.9
2017-09-05 04:00:00+00:00,246.13
2017-09-06 04:00:00+00:00,246.89
2017-09-07 04:00:00+00:00,246.8753
2017-09-08 04:00:00+00:00,246.54
2017-09-11 04:00:00+00:00,249.14
2017-09-12 04:00:00+00:00,250.09
2017-09-13 04:00:00+00:00,250.17
2017-09-14 04:00:00+00:00,250.08
2017-09-15 04:00:00+00:00,249.23
2017-09-18 04:00:00+00:00,249.71
2017-09-19 04:00:00+00:00,249.96
2017-09-20 04:00:00+00:00,250.07
2017-09-21 04:00:00+00:00,249.4
2017-09-22 04:00:00+00:00,249.45
2017-09-25 04:00:00+00:00,248.97
2017-09-26 04:00:00+00:00,249.07
2017-09-27 04:00:00+00:00,250.04
2017-09-28 04:00:00+00:00,250.33
2017-09-29 04:00:00+00:00,251.16
2017-10-02 04:00:00+00:00,252.28
2017-10-03 04:00:00+00:00,252.85
2017-10-04 04:00:00+00:00,253.16
2017-10-05 04:00:00+00:00,254.66
2017-10-06 04:00:00+00:00,254.43
2017-10-09 04:00:00+00:00,253.9692
2017-10-10 04:00:00+00:00,254.57
2017-10-11 04:00:00+00:00,254.98
2017-10-12 04:00:00+00:00,254.61
2017-10-13 04:00:00+00:00,254.88
2017-10-16 04:00:00+00:00,255.3
2017-10-17 04:00:00+00:00,255.43
2017-10-18 04:00:00+00:00,255.69
2017-10-19 04:00:00+00:00,255.8192
2017-10-20 04:00:00+00:00,257.07
2017-10-23 04:00:00+00:00,256.16
2017-10-24 04:00:00+00:00,256.55
2017-10-25 04:00:00+00:00,255.32
2017-10-26 04:00:00+00:00,255.48
2017-10-27 04:00:00+00:00,257.6895
2017-10-30 04:00:00+00:00,256.8
2017-10-31 04:00:00+00:00,257.12
2017-11-01 04:00:00+00:00,257.5
2017-11-02 04:00:00+00:00,257.62
2017-11-03 04:00:00+00:00,258.45
2017-11-06 05:00:00+00:00,258.81
2017-11-07 05:00:00+00:00,258.7
2017-11-08 05:00:00+00:00,259.11
2017-11-09 05:00:00+00:00,258.1908
2017-11-10 05:00:00+00:00,258.1
2017-11-13 05:00:00+00:00,258.34
2017-11-14 05:00:00+00:00,257.75
2017-11-15 05:00:00+00:00,256.42
2017-11-16 05:00:00+00:00,258.54
2017-11-17 05:00:00+00:00,257.87
2017-11-20 05:00:00+00:00,258.28
2017-11-21 05:00:00+00:00,259.93
2017-11-22 05:00:00+00:00,259.79
2017-11-24 05:00:00+00:00,260.37
2017-11-27 05:00:00+00:00,260.23
2017-11-28 05:00:00+00:00,262.83
2017-11-29 05:00:00+00:00,262.73
2017-11-30 05:00:00+00:00,264.87
2017-12-01 05:00:00+00:00,264.46
2017-12-04 05:00:00+00:00,264.11
2017-12-05 05:00:00+00:00,263.2
2017-12-06 05:00:00+00:00,263.23
2017-12-07 05:00:00+00:00,264.04
2017-12-08 05:00:00+00:00,265.48
2017-12-11 05:00:00+00:00,266.34
2017-12-12 05:00:00+00:00,266.8
2017-12-13 05:00:00+00:00,266.74
2017-12-14 05:00:00+00:00,265.69
2017-12-15 05:00:00+00:00,266.53
2017-12-18 05:00:00+00:00,268.23
2017-12-19 05:00:00+00:00,267.25
2017-12-20 05:00:00+00:00,267.1
2017-12-21 05:00:00+00:00,267.54
2017-12-22 05:00:00+00:00,267.49
2017-12-26 05:00:00+00:00,267.15
2017-12-27 05:00:00+00:00,267.35
2017-12-28 05:00:00+00:00,267.86
2017-12-29 05:00:00+00:00,266.94
2018-01-02 05:00:00+00:00,268.77
2018-01-03 05:00:00+00:00,270.47
2018-01-04 05:00:00+00:00,271.57
2018-01-05 05:00:00+00:00,273.4
2018-01-08 05:00:00+00:00,273.91
2018-01-09 05:00:00+00:00,274.53
2018-01-10 05:00:00+00:00,274.08
2018-01-11 05:00:00+00:00,276.09
2018-01-12 05:00:00+00:00,277.94
2018-01-16 05:00:00+00:00,277.06
2018-01-17 05:00:00+00:00,279.61
2018-01-18 05:00:00+00:00,279.18
2018-01-19 05:00:00+00:00,280.39
2018-01-22 05:00:00+00:00,282.67
2018-01-23 05:00:00+00:00,283.24
2018-01-24 05:00:00+00:00,283.12
2018-01-25 05:00:00+00:00,283.3
2018-01-26 05:00:00+00:00,286.56
2018-01-29 05:00:00+00:00,284.64
2018-01-30 05:00:00+00:00,281.63
2018-01-31 05:00:00+00:00,281.91
2018-02-01 05:00:00+00:00,281.68
2018-02-02 05:00:00+00:00,275.51
2018-02-05 05:00:00+00:00,264.11
2018-02-06 05:00:00+00:00,269.06
2018-02-07 05:00:00+00:00,267.67
2018-02-08 05:00:00+00:00,257.77
2018-02-09 05:00:00+00:00,261.74
2018-02-12 05:00:00+00:00,265.32
2018-02-13 05:00:00+00:00,266.05
2018-02-14 05:00:00+00:00,269.67
2018-02-15 05:00:00+00:00,272.93
2018-02-16 05:00:00+00:00,273.16
2018-02-20 05:00:00+00:00,271.44
2018-02-21 05:00:00+00:00,269.97
2018-02-22 05:00:00+00:00,270.26
2018-02-23 05:00:00+00:00,274.65
2018-02-26 05:00:00+00:00,277.91
2018-02-27 05:00:00+00:00,274.38
2018-02-28 05:00:00+00:00,271.41
2018-03-01 05:00:00+00:00,267.72
2018-03-02 05:00:00+00:00,269.1
2018-03-05 05:00:00+00:00,272.12
2018-03-06 05:00:00+00:00,272.83
2018-03-07 05:00:00+00:00,272.83
2018-03-08 05:00:00+00:00,274.03
2018-03-09 05:00:00+00:00,278.76
2018-03-12 04:00:00+00:00,278.54
2018-03-13 04:00:00+00:00,276.72
2018-03-14 04:00:00+00:00,275.25
2018-03-15 04:00:00+00:00,275.03
2018-03-16 04:00:00+00:00,274.22
2018-03-19 04:00:00+00:00,270.61
2018-03-20 04:00:00+00:00,270.93
2018-03-21 04:00:00+00:00,270.4
2018-03-22 04:00:00+00:00,263.71
2018-03-23 04:00:00+00:00,258.015
2018-03-26 04:00:00+00:00,265.14
2018-03-27 04:00:00+00:00,260.76
2018-03-28 04:00:00+00:00,259.85
2018-03-29 04:00:00+00:00,263.43
2018-04-02 04:00:00+00:00,257.52
2018-04-03 04:00:00+00:00,260.73
2018-04-04 04:00:00+00:00,263.78
2018-04-05 04:00:00+00:00,265.59
2018-04-06 04:00:00+00:00,259.7
2018-04-09 04:00:00+00:00,260.83
2018-04-10 04:00:00+00:00,265.09
2018-04-11 04:00:00+00:00,263.71
2018-04-12 04:00:00+00:00,265.9003
2018-04-13 04:00:00+00:00,265.11
2018-04-16 04:00:00+00:00,267.37
2018-04-17 04:00:00+00:00,270.13
2018-04-18 04:00:00+00:00,270.37
2018-04-19 04:00:00+00:00,268.87
2018-04-20 04:00:00+00:00,266.66
2018-04-23 04:00:00+00:00,266.57
2018-04-24 04:00:00+00:00,263.04
2018-04-25 04:00:00+00:00,263.63
2018-04-26 04:00:00+00:00,266.24
2018-04-27 04:00:00+00:00,266.58
2018-04-30 04:00:00+00:00,264.53
2018-05-01 04:00:00+00:00,264.96
2018-05-02 04:00:00+00:00,263.17
2018-05-03 04:00:00+00:00,262.59
2018-05-04 04:00:00+00:00,265.92
2018-05-07 04:00:00+00:00,266.92
2018-05-08 04:00:00+00:00,266.89
2018-05-09 04:00:00+00:00,269.47
2018-05-10 04:00:00+00:00,272.0
2018-05-11 04:00:00+00:00,272.64
2018-05-14 04:00:00+00:00,272.95
2018-05-15 04:00:00+00:00,271.03
2018-05-16 04:00:00+00:00,272.15
2018-05-17 04:00:00+00:00,272.01
2018-05-18 04:00:00+00:00,271.34
2018-05-21 04:00:00+00:00,273.36
2018-05-22 04:00:00+00:00,272.58
2018-05-23 04:00:00+00:00,273.37
2018-05-24 04:00:00+00:00,272.84
2018-05-25 04:00:00+00:00,272.21
2018-05-29 04:00:00+00:00,269.12
2018-05-30 04:00:00+00:00,272.59
2018-05-31 04:00:00+00:00,270.81
2018-06-01 04:00:00+00:00,273.61
2018-06-04 04:00:00+00:00,274.89
2018-06-05 04:00:00+00:00,275.19
2018-06-06 04:00:00+00:00,277.43
2018-06-07 04:00:00+00:00,277.37
2018-06-08 04:00:00+00:00,278.22
2018-06-11 04:00:00+00:00,278.58
2018-06-12 04:00:00+00:00,278.97
2018-06-13 04:00:00+00:00,278.01
2018-06-14 04:00:00+00:00,278.68
2018-06-15 04:00:00+00:00,277.03
2018-06-18 04:00:00+00:00,276.59
2018-06-19 04:00:00+00:00,275.48
2018-06-20 04:00:00+00:00,276.01
2018-06-21 04:00:00+00:00,274.24
2018-06-22 04:00:00+00:00,274.76
2018-06-25 04:00:00+00:00,271.07
2018-06-26 04:00:00+00:00,271.58
2018-06-27 04:00:00+00:00,269.8
2018-06-28 04:00:00+00:00,270.91
2018-06-29 04:00:00+00:00,271.34
2018-07-02 04:00:00+00:00,271.84
2018-07-03 04:00:00+00:00,270.88
2018-07-05 04:00:00+00:00,273.02
2018-07-06 04:00:00+00:00,275.36
2018-07-09 04:00:00+00:00,277.9
2018-07-10 04:00:00+00:00,278.81
2018-07-11 04:00:00+00:00,276.91
2018-07-12 04:00:00+00:00,279.29
2018-07-13 04:00:00+00:00,279.56
2018-07-16 04:00:00+00:00,279.39
2018-07-17 04:00:00+00:00,280.43
2018-07-18 04:00:00+00:00,281.06
2018-07-19 04:00:00+00:00,279.96
2018-07-20 04:00:00+00:00,279.72
2018-07-23 04:00:00+00:00,280.24
2018-07-24 04:00:00+00:00,281.55
2018-07-25 04:00:00+00:00,284.14
2018-07-26 04:00:00+00:00,283.3
2018-07-27 04:00:00+00:00,281.46
2018-07-30 04:00:00+00:00,279.9
2018-07-31 04:00:00+00:00,281.19
2018-08-01 04:00:00+00:00,280.89
2018-08-02 04:00:00+00:00,282.36
2018-08-03 04:00:00+00:00,283.62
2018-08-06 04:00:00+00:00,284.66
2018-08-07 04:00:00+00:00,285.58
2018-08-08 04:00:00+00:00,285.44
2018-08-09 04:00:00+00:00,285.09
2018-08-10 04:00:00+00:00,283.16
2018-08-13 04:00:00+00:00,282.08
2018-08-14 04:00:00+00:00,283.82
2018-08-15 04:00:00+00:00,281.75
2018-08-16 04:00:00+00:00,284.08
2018-08-17 04:00:00+00:00,285.02
2018-08-20 04:00:00+00:00,285.68
2018-08-21 04:00:00+00:00,286.27
2018-08-22 04:00:00+00:00,286.21
2018-08-23 04:00:00+00:00,285.79
2018-08-24 04:00:00+00:00,287.52
2018-08-27 04:00:00+00:00,289.73
2018-08-28 04:00:00+00:00,289.8395
2018-08-29 04:00:00+00:00,291.45
2018-08-30 04:00:00+00:00,290.32
2018-08-31 04:00:00+00:00,290.27
2018-09-04 04:00:00+00:00,289.84
2018-09-05 04:00:00+00:00,289.07
2018-09-06 04:00:00+00:00,288.16
2018-09-07 04:00:00+00:00,287.53
2018-09-10 04:00:00+00:00,288.09
2018-09-11 04:00:00+00:00,289.13
2018-09-12 04:00:00+00:00,289.18
2018-09-13 04:00:00+00:00,290.8
2018-09-14 04:00:00+00:00,290.92
2018-09-17 04:00:00+00:00,289.4
2018-09-18 04:00:00+00:00,290.92
2018-09-19 04:00:00+00:00,291.25
2018-09-20 04:00:00+00:00,293.53
2018-09-21 04:00:00+00:00,292.04
2018-09-24 04:00:00+00:00,291.08
2018-09-25 04:00:00+00:00,290.7
2018-09-26 04:00:00+00:00,289.805
2018-09-27 04:00:00+00:00,290.68
2018-09-28 04:00:00+00:00,290.57
2018-10-01 04:00:00+00:00,291.7
2018-10-02 04:00:00+00:00,291.61
2018-10-03 04:00:00+00:00,291.76
2018-10-04 04:00:00+00:00,289.53
2018-10-05 04:00:00+00:00,287.81
2018-10-08 04:00:00+00:00,287.8
2018-10-09 04:00:00+00:00,287.48
2018-10-10 04:00:00+00:00,278.27
2018-10-11 04:00:00+00:00,272.54
2018-10-12 04:00:00+00:00,276.01
2018-10-15 04:00:00+00:00,274.49
2018-10-16 04:00:00+00:00,280.24
2018-10-17 04:00:00+00:00,280.42
2018-10-18 04:00:00+00:00,276.39
2018-10-19 04:00:00+00:00,276.1797
2018-10-22 04:00:00+00:00,275.03
2018-10-23 04:00:00+00:00,273.52
2018-10-24 04:00:00+00:00,265.21
2018-10-25 04:00:00+00:00,270.01
2018-10-26 04:00:00+00:00,265.22
2018-10-29 04:00:00+00:00,263.69
2018-10-30 04:00:00+00:00,267.88
2018-10-31 04:00:00+00:00,270.69
2018-11-01 04:00:00+00:00,273.37
2018-11-02 04:00:00+00:00,271.8
2018-11-05 05:00:00+00:00,273.47
2018-11-06 05:00:00+00:00,275.11
2018-11-07 05:00:00+00:00,281.0
2018-11-08 05:00:00+00:00,280.48
2018-11-09 05:00:00+00:00,277.82
2018-11-12 05:00:00+00:00,272.4795
2018-11-13 05:00:00+00:00,272.04
2018-11-14 05:00:00+00:00,270.15
2018-11-15 05:00:00+00:00,273.01
2018-11-16 05:00:00+00:00,273.73
2018-11-19 05:00:00+00:00,269.12
2018-11-20 05:00:00+00:00,264.15
2018-11-21 05:00:00+00:00,265.03
2018-11-23 05:00:00+00:00,263.32
2018-11-26 05:00:00+00:00,267.43
2018-11-27 05:00:00+00:00,268.29
2018-11-28 05:00:00+00:00,274.36
2018-11-29 05:00:00+00:00,273.95
2018-11-30 05:00:00+00:00,275.685
2018-12-03 05:00:00+00:00,279.26
2018-12-04 05:00:00+00:00,270.39
2018-12-06 05:00:00+00:00,269.77
2018-12-07 05:00:00+00:00,263.66
2018-12-10 05:00:00+00:00,264.07
2018-12-11 05:00:00+00:00,264.11
2018-12-12 05:00:00+00:00,265.53
2018-12-13 05:00:00+00:00,265.38
2018-12-14 05:00:00+00:00,260.57
2018-12-17 05:00:00+00:00,255.17
2018-12-18 05:00:00+00:00,255.11
2018-12-19 05:00:00+00:00,251.04
2018-12-20 05:00:00+00:00,247.11
2018-12-21 05:00:00+00:00,240.61
2018-12-24 05:00:00+00:00,234.37
2018-12-26 05:00:00+00:00,245.9095
2018-12-27 05:00:00+00:00,248.21
2018-12-28 05:00:00+00:00,247.73
2018-12-31 05:00:00+00:00,250.08
2019-01-02 05:00:00+00:00,250.23
2019-01-03 05:00:00+00:00,244.15
2019-01-04 05:00:00+00:00,252.39
2019-01-07 05:00:00+00:00,254.29
2019-01-08 05:00:00+00:00,256.62
2019-01-09 05:00:00+00:00,257.92
2019-01-10 05:00:00+00:00,258.98
2019-01-11 05:00:00+00:00,258.81
2019-01-14 05:00:00+00:00,257.35
2019-01-15 05:00:00+00:00,260.23
2019-01-16 05:00:00+00:00,260.96
2019-01-17 05:00:00+00:00,263.0
2019-01-18 05:00:00+00:00,266.42
2019-01-22 05:00:00+00:00,262.94
2019-01-23 05:00:00+00:00,263.35
2019-01-24 05:00:00+00:00,263.6
2019-01-25 05:00:00+00:00,265.78
2019-01-28 05:00:00+00:00,263.78
2019-01-29 05:00:00+00:00,263.52
2019-01-30 05:00:00+00:00,267.44
2019-01-31 05:00:00+00:00,269.81
2019-02-01 05:00:00+00:00,270.08
2019-02-04 05:00:00+00:00,272.01
2019-02-05 05:00:00+00:00,273.16
2019-02-06 05:00:00+00:00,272.83
2019-02-07 05:00:00+00:00,270.17
2019-02-08 05:00:00+00:00,270.54
2019-02-11 05:00:00+00:00,270.69
2019-02-12 05:00:00+00:00,274.06
2019-02-13 05:00:00+00:00,274.95
2019-02-14 05:00:00+00:00,274.46
2019-02-15 05:00:00+00:00,277.38
2019-02-19 05:00:00+00:00,277.88
2019-02-20 05:00:00+00:00,278.43
2019-02-21 05:00:00+00:00,277.46
2019-02-22 05:00:00+00:00,279.16
2019-02-25 05:00:00+00:00,279.59
2019-02-26 05:00:00+00:00,279.34
2019-02-27 05:00:00+00:00,279.18
2019-02-28 05:00:00+00:00,278.65
2019-03-01 05:00:00+00:00,280.41
2019-03-04 05:00:00+00:00,279.38
2019-03-05 05:00:00+00:00,279.06
2019-03-06 05:00:00+00:00,277.34
2019-03-07 05:00:00+00:00,275.13
2019-03-08 05:00:00+00:00,274.49
2019-03-11 04:00:00+00:00,278.48
2019-03-12 04:00:00+00:00,279.44
2019-03-13 04:00:00+00:00,281.33
2019-03-14 04:00:00+00:00,281.2
2019-03-15 04:00:00+00:00,281.34
2019-03-18 04:00:00+00:00,282.42
2019-03-19 04:00:00+00:00,282.51
2019-03-20 04:00:00+00:00,281.5
2019-03-21 04:00:00+00:00,284.58
2019-03-22 04:00:00+00:00,279.34
2019-03-25 04:00:00+00:00,279.0
2019-03-26 04:00:00+00:00,281.04
2019-03-27 04:00:00+00:00,279.55
2019-03-28 04:00:00+00:00,280.71
2019-03-29 04:00:00+00:00,282.45
2019-04-01 04:00:00+00:00,285.74
2019-04-02 04:00:00+00:00,285.99
2019-04-03 04:00:00+00:00,286.45
2019-04-04 04:00:00+00:00,287.18
2019-04-05 04:00:00+00:00,288.52
2019-04-08 04:00:00+00:00,288.8
2019-04-09 04:00:00+00:00,287.33
2019-04-10 04:00:00+00:00,288.29
2019-04-11 04:00:00+00:00,288.23
2019-04-12 04:00:00+00:00,290.13
2019-04-15 04:00:00+00:00,289.98
2019-04-16 04:00:00+00:00,290.1705
2019-04-17 04:00:00+00:00,289.47
2019-04-18 04:00:00+00:00,289.99
2019-04-22 04:00:00+00:00,290.3
2019-04-23 04:00:00+00:00,292.89
2019-04-24 04:00:00+00:00,292.21
2019-04-25 04:00:00+00:00,292.13
2019-04-26 04:00:00+00:00,293.41
2019-04-29 04:00:00+00:00,293.78
2019-04-30 04:00:00+00:00,293.87
2019-05-01 04:00:00+00:00,291.82
2019-05-02 04:00:00+00:00,291.13
2019-05-03 04:00:00+00:00,293.98
2019-05-06 04:00:00+00:00,292.83
2019-05-07 04:00:00+00:00,288.05
2019-05-08 04:00:00+00:00,287.73
2019-05-09 04:00:00+00:00,286.67
2019-05-10 04:00:00+00:00,288.03
2019-05-13 04:00:00+00:00,280.9905
2019-05-14 04:00:00+00:00,283.38
2019-05-15 04:00:00+00:00,285.15
2019-05-16 04:00:00+00:00,287.68
2019-05-17 04:00:00+00:00,285.94
2019-05-20 04:00:00+00:00,283.96
2019-05-21 04:00:00+00:00,286.48
2019-05-22 04:00:00+00:00,285.62
2019-05-23 04:00:00+00:00,282.19
2019-05-24 04:00:00+00:00,282.95
2019-05-28 04:00:00+00:00,280.31
2019-05-29 04:00:00+00:00,278.26
2019-05-30 04:00:00+00:00,278.98
2019-05-31 04:00:00+00:00,275.37
2019-06-03 04:00:00+00:00,274.61
2019-06-04 04:00:00+00:00,280.49
2019-06-05 04:00:00+00:00,282.87
2019-06-06 04:00:00+00:00,284.78
2019-06-07 04:00:00+00:00,287.58
2019-06-10 04:00:00+00:00,288.9305
2019-06-11 04:00:00+00:00,288.91
2019-06-12 04:00:00+00:00,288.3
2019-06-13 04:00:00+00:00,289.58
2019-06-14 04:00:00+00:00,289.23
2019-06-17 04:00:00+00:00,289.47
2019-06-18 04:00:00+00:00,292.32
2019-06-19 04:00:00+00:00,293.01
2019-06-20 04:00:00+00:00,295.88
2019-06-21 04:00:00+00:00,294.0
2019-06-24 04:00:00+00:00,293.66
2019-06-25 04:00:00+00:00,290.78
2019-06-26 04:00:00+00:00,290.51
2019-06-27 04:00:00+00:00,291.52
2019-06-28 04:00:00+00:00,293.1
2019-07-01 04:00:00+00:00,295.58
2019-07-02 04:00:00+00:00,296.44
2019-07-03 04:00:00+00:00,298.8
2019-07-05 04:00:00+00:00,298.27
2019-07-08 04:00:00+00:00,296.86
2019-07-09 04:00:00+00:00,297.23
2019-07-10 04:00:00+00:00,298.61
2019-07-11 04:00:00+00:00,299.32
2019-07-12 04:00:00+00:00,300.65
2019-07-15 04:00:00+00:00,300.84
2019-07-16 04:00:00+00:00,299.78
2019-07-17 04:00:00+00:00,297.78
2019-07-18 04:00:00+00:00,298.87
2019-07-19 04:00:00+00:00,297.26
2019-07-22 04:00:00+00:00,297.81
2019-07-23 04:00:00+00:00,299.98
2019-07-24 04:00:00+00:00,301.4
2019-07-25 04:00:00+00:00,299.97
2019-07-26 04:00:00+00:00,301.96
2019-07-29 04:00:00+00:00,301.49
2019-07-30 04:00:00+00:00,300.79
2019-07-31 04:00:00+00:00,297.4
2019-08-01 04:00:00+00:00,295.0
2019-08-02 04:00:00+00:00,292.62
2019-08-05 04:00:00+00:00,284.05
2019-08-06 04:00:00+00:00,287.73
2019-08-07 04:00:00+00:00,288.16
2019-08-08 04:00:00+00:00,293.59
2019-08-09 04:00:00+00:00,291.6
2019-08-12 04:00:00+00:00,288.07
2019-08-13 04:00:00+00:00,292.42
2019-08-14 04:00:00+00:00,284.02
2019-08-15 04:00:00+00:00,284.65
2019-08-16 04:00:00+00:00,288.81
2019-08-19 04:00:00+00:00,292.32
2019-08-20 04:00:00+00:00,290.02
2019-08-21 04:00:00+00:00,292.41
2019-08-22 04:00:00+00:00,292.33
2019-08-23 04:00:00+00:00,284.88
2019-08-26 04:00:00+00:00,287.95
2019-08-27 04:00:00+00:00,286.7
2019-08-28 04:00:00+00:00,288.84
2019-08-29 04:00:00+00:00,292.58
2019-08-30 04:00:00+00:00,292.4527
2019-09-03 04:00:00+00:00,290.75
2019-09-04 04:00:00+00:00,293.97
2019-09-05 04:00:00+00:00,297.75
2019-09-06 04:00:00+00:00,298.05
2019-09-09 04:00:00+00:00,298.2
2019-09-10 04:00:00+00:00,298.09
2019-09-11 04:00:00+00:00,300.31
2019-09-12 04:00:00+00:00,301.36
2019-09-13 04:00:00+00:00,300.99
2019-09-16 04:00:00+00:00,300.21
2019-09-17 04:00:00+00:00,300.95
2019-09-18 04:00:00+00:00,301.1
2019-09-19 04:00:00+00:00,301.07
2019-09-20 04:00:00+00:00,298.08
2019-09-23 04:00:00+00:00,298.3
2019-09-24 04:00:00+00:00,295.92
2019-09-25 04:00:00+00:00,297.61
2019-09-26 04:00:00+00:00,297.0
2019-09-27 04:00:00+00:00,295.41
2019-09-30 04:00:00+00:00,296.7905
2019-10-01 04:00:00+00:00,293.32
2019-10-02 04:00:00+00:00,288.16
2019-10-03 04:00:00+00:00,290.45
2019-10-04 04:00:00+00:00,294.3
2019-10-07 04:00:00+00:00,293.1
2019-10-08 04:00:00+00:00,288.66
2019-10-09 04:00:00+00:00,291.12
2019-10-10 04:00:00+00:00,293.29
2019-10-11 04:00:00+00:00,296.25
2019-10-14 04:00:00+00:00,296.03
2019-10-15 04:00:00+00:00,298.88
2019-10-16 04:00:00+00:00,298.46
2019-10-17 04:00:00+00:00,299.21
2019-10-18 04:00:00+00:00,298.09
2019-10-21 04:00:00+00:00,300.03
2019-10-22 04:00:00+00:00,298.99
2019-10-23 04:00:00+00:00,299.83
2019-10-24 04:00:00+00:00,300.42
2019-10-25 04:00:00+00:00,301.59
2019-10-28 04:00:00+00:00,303.34
2019-10-29 04:00:00+00:00,303.14
2019-10-30 04:00:00+00:00,304.21
2019-10-31 04:00:00+00:00,303.33
2019-11-01 04:00:00+00:00,306.17
2019-11-04 05:00:00+00:00,307.37
2019-11-05 05:00:00+00:00,307.04
2019-11-06 05:00:00+00:00,307.07
2019-11-07 05:00:00+00:00,308.21
2019-11-08 05:00:00+00:00,308.93
2019-11-11 05:00:00+00:00,308.36
2019-11-12 05:00:00+00:00,308.96
2019-11-13 05:00:00+00:00,309.15
2019-11-14 05:00:00+00:00,309.54
2019-11-15 05:00:00+00:00,311.81
2019-11-18 05:00:00+00:00,311.98
2019-11-19 05:00:00+00:00,311.91
2019-11-20 05:00:00+00:00,310.81
2019-11-21 05:00:00+00:00,310.3
2019-11-22 05:00:00+00:00,311.02
2019-11-25 05:00:00+00:00,313.33
2019-11-26 05:00:00+00:00,313.99
2019-11-27 05:00:00+00:00,315.42
2019-11-29 05:00:00+00:00,314.33
2019-12-02 05:00:00+00:00,311.66
2019-12-03 05:00:00+00:00,309.51
2019-12-04 05:00:00+00:00,311.5
2019-12-05 05:00:00+00:00,312.09
2019-12-06 05:00:00+00:00,314.83
2019-12-09 05:00:00+00:00,313.89
2019-12-10 05:00:00+00:00,313.58
2019-12-11 05:00:00+00:00,314.33
2019-12-12 05:00:00+00:00,317.08
2019-12-13 05:00:00+00:00,317.29
2019-12-16 05:00:00+00:00,319.49
2019-12-17 05:00:00+00:00,319.5495
2019-12-18 05:00:00+00:00,319.56
2019-12-19 05:00:00+00:00,320.87
2019-12-20 05:00:00+00:00,320.86
2019-12-23 05:00:00+00:00,321.27
2019-12-24 05:00:00+00:00,321.24
2019-12-26 05:00:00+00:00,322.94
2019-12-27 05:00:00+00:00,322.85
2019-12-30 05:00:00+00:00,321.13
2019-12-31 05:00:00+00:00,321.85
2020-01-02 05:00:00+00:00,324.87
2020-01-03 05:00:00+00:00,322.43
2020-01-06 05:00:00+00:00,323.73
2020-01-07 05:00:00+00:00,322.74
2020-01-08 05:00:00+00:00,324.42
2020-01-09 05:00:00+00:00,326.59
2020-01-10 05:00:00+00:00,325.64
2020-01-13 05:00:00+00:00,327.92
2020-01-14 05:00:00+00:00,327.42
2020-01-15 05:00:00+00:00,328.16
2020-01-16 05:00:00+00:00,330.86
2020-01-17 05:00:00+00:00,332.01
2020-01-21 05:00:00+00:00,331.29
2020-01-22 05:00:00+00:00,331.35
2020-01-23 05:00:00+00:00,331.8
2020-01-24 05:00:00+00:00,328.76
2020-01-27 05:00:00+00:00,323.51
2020-01-28 05:00:00+00:00,326.88
2020-01-29 05:00:00+00:00,326.62
2020-01-30 05:00:00+00:00,327.62
2020-01-31 05:00:00+00:00,321.75
2020-02-03 05:00:00+00:00,324.12
2020-02-04 05:00:00+00:00,329.06
2020-02-05 05:00:00+00:00,332.84
2020-02-06 05:00:00+00:00,333.93
2020-02-07 05:00:00+00:00,332.24
2020-02-10 05:00:00+00:00,334.75
2020-02-11 05:00:00+00:00,335.27
2020-02-12 05:00:00+00:00,337.44
2020-02-13 05:00:00+00:00,337.17
2020-02-14 05:00:00+00:00,337.6
2020-02-18 05:00:00+00:00,336.73
2020-02-19 05:00:00+00:00,338.32
2020-02-20 05:00:00+00:00,336.99
2020-02-21 05:00:00+00:00,333.45
2020-02-24 05:00:00+00:00,322.42
2020-02-25 05:00:00+00:00,312.59
2020-02-26 05:00:00+00:00,311.61
2020-02-27 05:00:00+00:00,297.7
2020-02-28 05:00:00+00:00,296.24
2020-03-02 05:00:00+00:00,308.9
2020-03-03 05:00:00+00:00,300.32
2020-03-04 05:00:00+00:00,313.05
2020-03-05 05:00:00+00:00,302.51
2020-03-06 05:00:00+00:00,297.43
2020-03-09 04:00:00+00:00,276.32
2020-03-10 04:00:00+00:00,288.41
2020-03-11 04:00:00+00:00,274.25
2020-03-12 04:00:00+00:00,255.24
2020-03-13 04:00:00+00:00,270.2
2020-03-16 04:00:00+00:00,241.065
2020-03-17 04:00:00+00:00,254.19
2020-03-18 04:00:00+00:00,235.69
2020-03-19 04:00:00+00:00,240.55
2020-03-20 04:00:00+00:00,229.4
2020-03-23 04:00:00+00:00,222.68
2020-03-24 04:00:00+00:00,242.0
2020-03-25 04:00:00+00:00,246.79
2020-03-26 04:00:00+00:00,260.93
2020-03-27 04:00:00+00:00,254.0
2020-03-30 04:00:00+00:00,261.56
2020-03-31 04:00:00+00:00,257.36
2020-04-01 04:00:00+00:00,246.04
2020-04-02 04:00:00+00:00,251.93
2020-04-03 04:00:00+00:00,247.95
2020-04-06 04:00:00+00:00,264.74
2020-04-07 04:00:00+00:00,265.18
2020-04-08 04:00:00+00:00,274.0
2020-04-09 04:00:00+00:00,278.22
2020-04-13 04:00:00+00:00,275.63
2020-04-14 04:00:00+00:00,283.8
2020-04-15 04:00:00+00:00,277.75
2020-04-16 04:00:00+00:00,278.96
2020-04-17 04:00:00+00:00,286.54
2020-04-20 04:00:00+00:00,281.76
2020-04-21 04:00:00+00:00,273.17
2020-04-22 04:00:00+00:00,279.04
2020-04-23 04:00:00+00:00,279.01
2020-04-24 04:00:00+00:00,282.89
2020-04-27 04:00:00+00:00,287.1
2020-04-28 04:00:00+00:00,285.69
2020-04-29 04:00:00+00:00,293.15
2020-04-30 04:00:00+00:00,290.63
2020-05-01 04:00:00+00:00,282.83
2020-05-04 04:00:00+00:00,283.59
2020-05-05 04:00:00+00:00,286.15
2020-05-06 04:00:00+00:00,284.34
2020-05-07 04:00:00+00:00,287.7
2020-05-08 04:00:00+00:00,292.51
2020-05-11 04:00:00+00:00,292.62
2020-05-12 04:00:00+00:00,286.55
2020-05-13 04:00:00+00:00,281.49
2020-05-14 04:00:00+00:00,285.04
2020-05-15 04:00:00+00:00,286.29
2020-05-18 04:00:00+00:00,294.94
2020-05-19 04:00:00+00:00,292.21
2020-05-20 04:00:00+00:00,297.03
2020-05-21 04:00:00+00:00,294.83
2020-05-22 04:00:00+00:00,295.48
2020-05-26 04:00:00+00:00,299.2
2020-05-27 04:00:00+00:00,303.55
2020-05-28 04:00:00+00:00,303.07
2020-05-29 04:00:00+00:00,304.49
2020-06-01 04:00:00+00:00,305.45
2020-06-02 04:00:00+00:00,308.08
2020-06-03 04:00:00+00:00,312.09
2020-06-04 04:00:00+00:00,311.34
2020-06-05 04:00:00+00:00,319.4
2020-06-08 04:00:00+00:00,323.15
2020-06-09 04:00:00+00:00,320.94
2020-06-10 04:00:00+00:00,319.03
2020-06-11 04:00:00+00:00,300.69
2020-06-12 04:00:00+00:00,304.38
2020-06-15 04:00:00+00:00,307.11
2020-06-16 04:00:00+00:00,312.75
2020-06-17 04:00:00+00:00,311.66
2020-06-18 04:00:00+00:00,311.76
2020-06-19 04:00:00+00:00,308.54
2020-06-22 04:00:00+00:00,310.67
2020-06-23 04:00:00+00:00,312.0
2020-06-24 04:00:00+00:00,304.21
2020-06-25 04:00:00+00:00,307.26
2020-06-26 04:00:00+00:00,300.09
2020-06-29 04:00:00+00:00,304.56
2020-06-30 04:00:00+00:00,308.94
2020-07-01 04:00:00+00:00,310.57
2020-07-02 04:00:00+00:00,312.19
2020-07-06 04:00:00+00:00,317.01
2020-07-07 04:00:00+00:00,313.77
2020-07-08 04:00:00+00:00,316.16
2020-07-09 04:00:00+00:00,314.6
2020-07-10 04:00:00+00:00,317.64
2020-07-13 04:00:00+00:00,314.81
2020-07-14 04:00:00+00:00,318.93
2020-07-15 04:00:00+00:00,321.98
2020-07-16 04:00:00+00:00,320.86
2020-07-17 04:00:00+00:00,321.7
2020-07-20 04:00:00+00:00,324.27
2020-07-21 04:00:00+00:00,324.9
2020-07-22 04:00:00+00:00,326.82
2020-07-23 04:00:00+00:00,322.95
2020-07-24 04:00:00+00:00,320.91
2020-07-27 04:00:00+00:00,323.27
2020-07-28 04:00:00+00:00,321.3
2020-07-29 04:00:00+00:00,325.01
2020-07-30 04:00:00+00:00,323.98
2020-07-31 04:00:00+00:00,326.4
2020-08-03 04:00:00+00:00,328.67
2020-08-04 04:00:00+00:00,330.0
2020-08-05 04:00:00+00:00,332.03
2020-08-06 04:00:00+00:00,334.32
2020-08-07 04:00:00+00:00,334.57
2020-08-10 04:00:00+00:00,335.56
2020-08-11 04:00:00+00:00,332.82
2020-08-12 04:00:00+00:00,337.31
2020-08-13 04:00:00+00:00,336.81
2020-08-14 04:00:00+00:00,336.85
2020-08-17 04:00:00+00:00,337.92
2020-08-18 04:00:00+00:00,338.595
2020-08-19 04:00:00+00:00,337.13
2020-08-20 04:00:00+00:00,338.31
2020-08-21 04:00:00+00:00,339.45
2020-08-24 04:00:00+00:00,342.9
2020-08-25 04:00:00+00:00,344.15
2020-08-26 04:00:00+00:00,347.61
2020-08-27 04:00:00+00:00,348.34
2020-08-28 04:00:00+00:00,350.57
2020-08-31 04:00:00+00:00,349.8206
2020-09-01 04:00:00+00:00,352.68
2020-09-02 04:00:00+00:00,357.78
2020-09-03 04:00:00+00:00,345.53
2020-09-04 04:00:00+00:00,342.35
2020-09-08 04:00:00+00:00,333.27
2020-09-09 04:00:00+00:00,339.77
2020-09-10 04:00:00+00:00,334.13
2020-09-11 04:00:00+00:00,334.09
2020-09-14 04:00:00+00:00,338.44
2020-09-15 04:00:00+00:00,340.12
2020-09-16 04:00:00+00:00,338.88
2020-09-17 04:00:00+00:00,335.87
2020-09-18 04:00:00+00:00,330.77
2020-09-21 04:00:00+00:00,327.12
2020-09-22 04:00:00+00:00,330.3
2020-09-23 04:00:00+00:00,322.54
2020-09-24 04:00:00+00:00,323.42
2020-09-25 04:00:00+00:00,328.72
2020-09-28 04:00:00+00:00,334.25
2020-09-29 04:00:00+00:00,332.43
2020-09-30 04:00:00+00:00,334.32
2020-10-01 04:00:00+00:00,336.97
2020-10-02 04:00:00+00:00,333.88
2020-10-05 04:00:00+00:00,339.72
2020-10-06 04:00:00+00:00,334.95
2020-10-07 04:00:00+00:00,340.75
2020-10-08 04:00:00+00:00,343.65
2020-10-09 04:00:00+00:00,346.73
2020-10-12 04:00:00+00:00,352.36
2020-10-13 04:00:00+00:00,350.17
2020-10-14 04:00:00+00:00,347.93
2020-10-15 04:00:00+00:00,347.54
2020-10-16 04:00:00+00:00,347.32
2020-10-19 04:00:00+00:00,342.13
2020-10-20 04:00:00+00:00,343.3
2020-10-21 04:00:00+00:00,342.65
2020-10-22 04:00:00+00:00,344.64
2020-10-23 04:00:00+00:00,345.62
2020-10-26 04:00:00+00:00,339.41
2020-10-27 04:00:00+00:00,338.33
2020-10-28 04:00:00+00:00,326.7
2020-10-29 04:00:00+00:00,330.08
2020-10-30 04:00:00+00:00,326.69
2020-11-02 05:00:00+00:00,330.19
2020-11-03 05:00:00+00:00,335.92
2020-11-04 05:00:00+00:00,343.54
2020-11-05 05:00:00+00:00,350.19
2020-11-06 05:00:00+00:00,350.18
2020-11-09 05:00:00+00:00,354.62
2020-11-10 05:00:00+00:00,354.08
2020-11-11 05:00:00+00:00,356.72
2020-11-12 05:00:00+00:00,353.34
2020-11-13 05:00:00+00:00,358.1
2020-11-16 05:00:00+00:00,362.58
2020-11-17 05:00:00+00:00,360.82
2020-11-18 05:00:00+00:00,356.25
2020-11-19 05:00:00+00:00,357.96
2020-11-20 05:00:00+00:00,355.35
2020-11-23 05:00:00+00:00,357.53
2020-11-24 05:00:00+00:00,363.14
2020-11-25 05:00:00+00:00,362.49
2020-11-27 05:00:00+00:00,363.71
2020-11-30 05:00:00+00:00,362.21
2020-12-01 05:00:00+00:00,365.84
2020-12-02 05:00:00+00:00,366.82
2020-12-03 05:00:00+00:00,366.67
2020-12-04 05:00:00+00:00,369.78
2020-12-07 05:00:00+00:00,369.16
2020-12-08 05:00:00+00:00,370.19
2020-12-09 05:00:00+00:00,366.77
2020-12-10 05:00:00+00:00,366.87
2020-12-11 05:00:00+00:00,366.14
2020-12-14 05:00:00+00:00,364.9
2020-12-15 05:00:00+00:00,369.56
2020-12-16 05:00:00+00:00,370.06
2020-12-17 05:00:00+00:00,372.19
2020-12-18 05:00:00+00:00,369.15
2020-12-21 05:00:00+00:00,367.65
2020-12-22 05:00:00+00:00,367.3
2020-12-23 05:00:00+00:00,367.49
2020-12-24 05:00:00+00:00,369.03
2020-12-28 05:00:00+00:00,372.22
2020-12-29 05:00:00+00:00,371.62
2020-12-30 05:00:00+00:00,372.03
2020-12-31 05:00:00+00:00,374.25
